account_id,mule_type,ground_truth_only
ACC_0000004,compromised,1
ACC_0000005,cashout_agent,1
ACC_0000049,layering_hub,1
ACC_0000127,compromised,1
ACC_0000136,recruited,1
ACC_0000144,compromised,1
ACC_0000153,cashout_agent,1
ACC_0000159,layering_hub,1
ACC_0000165,recruited,1
ACC_0000196,recruited,1
ACC_0000203,compromised,1
ACC_0000266,compromised,1
ACC_0000274,cashout_agent,1
ACC_0000314,compromised,1
ACC_0000324,compromised,1
ACC_0000326,recruited,1
ACC_0000430,cashout_agent,1
ACC_0000481,cashout_agent,1
ACC_0000482,recruited,1
ACC_0000514,recruited,1
ACC_0000539,layering_hub,1
ACC_0000547,recruited,1
ACC_0000557,cashout_agent,1
ACC_0000559,compromised,1
ACC_0000569,cashout_agent,1
ACC_0000592,recruited,1
ACC_0000600,cashout_agent,1
ACC_0000612,compromised,1
ACC_0000614,compromised,1
ACC_0000617,recruited,1
ACC_0000618,cashout_agent,1
ACC_0000664,compromised,1
ACC_0000715,recruited,1
ACC_0000777,compromised,1
ACC_0000809,cashout_agent,1
ACC_0000833,recruited,1
ACC_0000861,layering_hub,1
ACC_0000896,cashout_agent,1
ACC_0000901,recruited,1
ACC_0000906,recruited,1
ACC_0000914,compromised,1
ACC_0000923,cashout_agent,1
ACC_0000989,recruited,1
ACC_0001017,layering_hub,1
ACC_0001021,compromised,1
ACC_0001026,layering_hub,1
ACC_0001041,layering_hub,1
ACC_0001056,layering_hub,1
ACC_0001082,cashout_agent,1
ACC_0001104,compromised,1
ACC_0001127,recruited,1
ACC_0001134,compromised,1
ACC_0001140,compromised,1
ACC_0001143,compromised,1
ACC_0001201,cashout_agent,1
ACC_0001217,layering_hub,1
ACC_0001240,cashout_agent,1
ACC_0001243,compromised,1
ACC_0001262,cashout_agent,1
ACC_0001273,compromised,1
ACC_0001283,compromised,1
ACC_0001316,cashout_agent,1
ACC_0001361,recruited,1
ACC_0001378,cashout_agent,1
ACC_0001413,recruited,1
ACC_0001476,recruited,1
ACC_0001479,cashout_agent,1
ACC_0001498,layering_hub,1
ACC_0001500,recruited,1
ACC_0001531,compromised,1
ACC_0001541,recruited,1
ACC_0001543,compromised,1
ACC_0001576,recruited,1
ACC_0001681,layering_hub,1
ACC_0001758,recruited,1
ACC_0001761,cashout_agent,1
ACC_0001765,cashout_agent,1
ACC_0001776,compromised,1
ACC_0001794,layering_hub,1
ACC_0001805,compromised,1
ACC_0001806,cashout_agent,1
ACC_0001835,layering_hub,1
ACC_0001859,recruited,1
ACC_0001873,layering_hub,1
ACC_0001957,layering_hub,1
ACC_0001967,layering_hub,1
ACC_0001977,cashout_agent,1
ACC_0002014,compromised,1
ACC_0002016,compromised,1
ACC_0002054,compromised,1
ACC_0002098,compromised,1
ACC_0002111,recruited,1
ACC_0002116,compromised,1
ACC_0002135,compromised,1
ACC_0002155,layering_hub,1
ACC_0002205,compromised,1
ACC_0002253,compromised,1
ACC_0002273,cashout_agent,1
ACC_0002366,recruited,1
ACC_0002413,cashout_agent,1
ACC_0002418,cashout_agent,1
ACC_0002424,cashout_agent,1
ACC_0002445,compromised,1
ACC_0002525,compromised,1
ACC_0002553,layering_hub,1
ACC_0002603,recruited,1
ACC_0002609,compromised,1
ACC_0002646,layering_hub,1
ACC_0002703,compromised,1
ACC_0002705,recruited,1
ACC_0002708,recruited,1
ACC_0002762,layering_hub,1
ACC_0002766,cashout_agent,1
ACC_0002769,layering_hub,1
ACC_0002775,compromised,1
ACC_0002790,recruited,1
ACC_0002826,cashout_agent,1
ACC_0002836,recruited,1
ACC_0002935,compromised,1
ACC_0002936,recruited,1
ACC_0002944,layering_hub,1
ACC_0003005,recruited,1
ACC_0003015,compromised,1
ACC_0003047,compromised,1
ACC_0003083,compromised,1
ACC_0003089,compromised,1
ACC_0003123,cashout_agent,1
ACC_0003156,compromised,1
ACC_0003222,cashout_agent,1
ACC_0003243,cashout_agent,1
ACC_0003258,layering_hub,1
ACC_0003266,recruited,1
ACC_0003280,cashout_agent,1
ACC_0003289,cashout_agent,1
ACC_0003356,recruited,1
ACC_0003387,compromised,1
ACC_0003474,compromised,1
ACC_0003502,recruited,1
ACC_0003510,layering_hub,1
ACC_0003581,recruited,1
ACC_0003603,recruited,1
ACC_0003619,layering_hub,1
ACC_0003680,cashout_agent,1
ACC_0003690,layering_hub,1
ACC_0003733,compromised,1
ACC_0003796,recruited,1
ACC_0003809,layering_hub,1
ACC_0003857,recruited,1
ACC_0003859,compromised,1
ACC_0003862,compromised,1
ACC_0003928,compromised,1
ACC_0003941,cashout_agent,1
ACC_0003973,recruited,1
ACC_0003992,cashout_agent,1
ACC_0003999,layering_hub,1
ACC_0004067,layering_hub,1
ACC_0004130,layering_hub,1
ACC_0004132,layering_hub,1
ACC_0004139,layering_hub,1
ACC_0004154,cashout_agent,1
ACC_0004196,recruited,1
ACC_0004246,layering_hub,1
ACC_0004252,compromised,1
ACC_0004300,compromised,1
ACC_0004305,recruited,1
ACC_0004323,cashout_agent,1
ACC_0004351,recruited,1
ACC_0004485,cashout_agent,1
ACC_0004507,compromised,1
ACC_0004519,cashout_agent,1
ACC_0004545,compromised,1
ACC_0004598,layering_hub,1
ACC_0004652,layering_hub,1
ACC_0004738,layering_hub,1
ACC_0004779,compromised,1
ACC_0004783,layering_hub,1
ACC_0004800,compromised,1
ACC_0004838,layering_hub,1
ACC_0004908,compromised,1
ACC_0004916,compromised,1
ACC_0005011,cashout_agent,1
ACC_0005017,recruited,1
ACC_0005018,cashout_agent,1
ACC_0005027,cashout_agent,1
ACC_0005042,cashout_agent,1
ACC_0005069,layering_hub,1
ACC_0005095,cashout_agent,1
ACC_0005141,cashout_agent,1
ACC_0005158,cashout_agent,1
ACC_0005170,recruited,1
ACC_0005178,cashout_agent,1
ACC_0005212,layering_hub,1
ACC_0005221,cashout_agent,1
ACC_0005240,compromised,1
ACC_0005285,recruited,1
ACC_0005299,compromised,1
ACC_0005316,compromised,1
ACC_0005331,recruited,1
ACC_0005347,cashout_agent,1
ACC_0005367,cashout_agent,1
ACC_0005401,cashout_agent,1
ACC_0005446,cashout_agent,1
ACC_0005461,layering_hub,1
ACC_0005465,layering_hub,1
ACC_0005485,recruited,1
ACC_0005486,cashout_agent,1
ACC_0005488,layering_hub,1
ACC_0005489,cashout_agent,1
ACC_0005498,recruited,1
ACC_0005504,cashout_agent,1
ACC_0005530,recruited,1
ACC_0005539,recruited,1
ACC_0005549,cashout_agent,1
ACC_0005577,cashout_agent,1
ACC_0005610,layering_hub,1
ACC_0005631,layering_hub,1
ACC_0005671,compromised,1
ACC_0005688,cashout_agent,1
ACC_0005699,recruited,1
ACC_0005719,recruited,1
ACC_0005763,compromised,1
ACC_0005765,recruited,1
ACC_0005815,recruited,1
ACC_0005925,recruited,1
ACC_0005934,layering_hub,1
ACC_0005984,recruited,1
ACC_0005996,compromised,1
ACC_0006168,recruited,1
ACC_0006189,compromised,1
ACC_0006193,layering_hub,1
ACC_0006198,cashout_agent,1
ACC_0006213,cashout_agent,1
ACC_0006246,recruited,1
ACC_0006252,recruited,1
ACC_0006313,recruited,1
ACC_0006317,layering_hub,1
ACC_0006343,compromised,1
ACC_0006394,layering_hub,1
ACC_0006407,layering_hub,1
ACC_0006471,compromised,1
ACC_0006526,recruited,1
ACC_0006561,compromised,1
ACC_0006621,cashout_agent,1
ACC_0006625,compromised,1
ACC_0006631,layering_hub,1
ACC_0006654,layering_hub,1
ACC_0006656,compromised,1
ACC_0006657,recruited,1
ACC_0006659,compromised,1
ACC_0006675,layering_hub,1
ACC_0006692,compromised,1
ACC_0006702,cashout_agent,1
ACC_0006744,cashout_agent,1
ACC_0006776,compromised,1
ACC_0006791,layering_hub,1
ACC_0006822,compromised,1
ACC_0006847,layering_hub,1
ACC_0006849,cashout_agent,1
ACC_0006861,layering_hub,1
ACC_0006873,compromised,1
ACC_0006881,compromised,1
ACC_0006884,layering_hub,1
ACC_0006890,layering_hub,1
ACC_0006900,cashout_agent,1
ACC_0006945,layering_hub,1
ACC_0006953,cashout_agent,1
ACC_0007034,recruited,1
ACC_0007054,recruited,1
ACC_0007090,recruited,1
ACC_0007091,layering_hub,1
ACC_0007099,compromised,1
ACC_0007117,compromised,1
ACC_0007133,cashout_agent,1
ACC_0007200,layering_hub,1
ACC_0007213,layering_hub,1
ACC_0007218,cashout_agent,1
ACC_0007227,layering_hub,1
ACC_0007290,layering_hub,1
ACC_0007329,recruited,1
ACC_0007331,compromised,1
ACC_0007377,recruited,1
ACC_0007391,compromised,1
ACC_0007398,compromised,1
ACC_0007460,compromised,1
ACC_0007466,compromised,1
ACC_0007543,recruited,1
ACC_0007576,recruited,1
ACC_0007589,cashout_agent,1
ACC_0007698,compromised,1
ACC_0007725,layering_hub,1
ACC_0007782,compromised,1
ACC_0007826,recruited,1
ACC_0007862,cashout_agent,1
ACC_0007881,cashout_agent,1
ACC_0007891,recruited,1
ACC_0007901,compromised,1
ACC_0007908,cashout_agent,1
ACC_0007911,compromised,1
ACC_0007933,recruited,1
ACC_0007993,layering_hub,1
ACC_0008011,recruited,1
ACC_0008087,cashout_agent,1
ACC_0008094,recruited,1
ACC_0008119,cashout_agent,1
ACC_0008135,cashout_agent,1
ACC_0008142,cashout_agent,1
ACC_0008202,compromised,1
ACC_0008209,recruited,1
ACC_0008229,layering_hub,1
ACC_0008288,cashout_agent,1
ACC_0008320,cashout_agent,1
ACC_0008338,layering_hub,1
ACC_0008363,cashout_agent,1
ACC_0008391,layering_hub,1
ACC_0008419,cashout_agent,1
ACC_0008447,layering_hub,1
ACC_0008450,layering_hub,1
ACC_0008473,recruited,1
ACC_0008480,layering_hub,1
ACC_0008505,layering_hub,1
ACC_0008540,compromised,1
ACC_0008561,compromised,1
ACC_0008610,cashout_agent,1
ACC_0008618,layering_hub,1
ACC_0008632,recruited,1
ACC_0008649,cashout_agent,1
ACC_0008664,cashout_agent,1
ACC_0008667,recruited,1
ACC_0008676,cashout_agent,1
ACC_0008757,cashout_agent,1
ACC_0008767,recruited,1
ACC_0008778,cashout_agent,1
ACC_0008786,cashout_agent,1
ACC_0008789,layering_hub,1
ACC_0008867,compromised,1
ACC_0008874,layering_hub,1
ACC_0008880,cashout_agent,1
ACC_0008937,cashout_agent,1
ACC_0008958,layering_hub,1
ACC_0009036,recruited,1
ACC_0009069,layering_hub,1
ACC_0009075,cashout_agent,1
ACC_0009082,compromised,1
ACC_0009091,recruited,1
ACC_0009098,cashout_agent,1
ACC_0009156,cashout_agent,1
ACC_0009166,cashout_agent,1
ACC_0009235,cashout_agent,1
ACC_0009238,layering_hub,1
ACC_0009287,layering_hub,1
ACC_0009299,compromised,1
ACC_0009305,compromised,1
ACC_0009306,cashout_agent,1
ACC_0009331,cashout_agent,1
ACC_0009356,layering_hub,1
ACC_0009430,compromised,1
ACC_0009441,compromised,1
ACC_0009502,layering_hub,1
ACC_0009507,recruited,1
ACC_0009521,compromised,1
ACC_0009588,compromised,1
ACC_0009636,compromised,1
ACC_0009642,recruited,1
ACC_0009645,recruited,1
ACC_0009683,recruited,1
ACC_0009691,cashout_agent,1
ACC_0009713,cashout_agent,1
ACC_0009764,recruited,1
ACC_0009783,recruited,1
ACC_0009808,recruited,1
ACC_0009825,cashout_agent,1
ACC_0009835,recruited,1
ACC_0009881,layering_hub,1
ACC_0009888,cashout_agent,1
ACC_0009969,cashout_agent,1
ACC_0010025,compromised,1
ACC_0010046,cashout_agent,1
ACC_0010064,recruited,1
ACC_0010159,recruited,1
ACC_0010167,recruited,1
ACC_0010197,cashout_agent,1
ACC_0010203,recruited,1
ACC_0010213,compromised,1
ACC_0010215,layering_hub,1
ACC_0010230,recruited,1
ACC_0010272,recruited,1
ACC_0010298,recruited,1
ACC_0010309,cashout_agent,1
ACC_0010359,recruited,1
ACC_0010385,layering_hub,1
ACC_0010434,layering_hub,1
ACC_0010441,cashout_agent,1
ACC_0010477,cashout_agent,1
ACC_0010599,layering_hub,1
ACC_0010621,compromised,1
ACC_0010684,layering_hub,1
ACC_0010699,layering_hub,1
ACC_0010749,cashout_agent,1
ACC_0010768,layering_hub,1
ACC_0010780,layering_hub,1
ACC_0010803,recruited,1
ACC_0010820,cashout_agent,1
ACC_0010838,layering_hub,1
ACC_0010907,cashout_agent,1
ACC_0010918,layering_hub,1
ACC_0010938,recruited,1
ACC_0010975,recruited,1
ACC_0010986,cashout_agent,1
ACC_0011116,cashout_agent,1
ACC_0011135,cashout_agent,1
ACC_0011144,layering_hub,1
ACC_0011154,cashout_agent,1
ACC_0011189,compromised,1
ACC_0011197,compromised,1
ACC_0011219,recruited,1
ACC_0011324,recruited,1
ACC_0011357,cashout_agent,1
ACC_0011360,recruited,1
ACC_0011416,compromised,1
ACC_0011438,compromised,1
ACC_0011457,recruited,1
ACC_0011502,cashout_agent,1
ACC_0011560,recruited,1
ACC_0011596,cashout_agent,1
ACC_0011676,recruited,1
ACC_0011682,cashout_agent,1
ACC_0011684,compromised,1
ACC_0011693,recruited,1
ACC_0011740,compromised,1
ACC_0011747,cashout_agent,1
ACC_0011748,recruited,1
ACC_0011757,layering_hub,1
ACC_0011760,recruited,1
ACC_0011790,compromised,1
ACC_0011825,recruited,1
ACC_0011863,recruited,1
ACC_0011924,compromised,1
ACC_0011961,recruited,1
ACC_0011978,cashout_agent,1
ACC_0012073,recruited,1
ACC_0012079,compromised,1
ACC_0012099,cashout_agent,1
ACC_0012117,compromised,1
ACC_0012122,recruited,1
ACC_0012157,recruited,1
ACC_0012186,layering_hub,1
ACC_0012240,layering_hub,1
ACC_0012268,recruited,1
ACC_0012272,layering_hub,1
ACC_0012321,layering_hub,1
ACC_0012334,cashout_agent,1
ACC_0012357,layering_hub,1
ACC_0012381,cashout_agent,1
ACC_0012403,cashout_agent,1
ACC_0012452,cashout_agent,1
ACC_0012480,compromised,1
ACC_0012541,compromised,1
ACC_0012547,recruited,1
ACC_0012582,layering_hub,1
ACC_0012592,cashout_agent,1
ACC_0012603,compromised,1
ACC_0012634,layering_hub,1
ACC_0012640,recruited,1
ACC_0012651,cashout_agent,1
ACC_0012679,cashout_agent,1
ACC_0012758,recruited,1
ACC_0012762,recruited,1
ACC_0012781,compromised,1
ACC_0012837,layering_hub,1
ACC_0012857,layering_hub,1
ACC_0012883,layering_hub,1
ACC_0012898,recruited,1
ACC_0012911,recruited,1
ACC_0012914,recruited,1
ACC_0012961,layering_hub,1
ACC_0012992,cashout_agent,1
ACC_0013023,cashout_agent,1
ACC_0013055,layering_hub,1
ACC_0013057,cashout_agent,1
ACC_0013069,compromised,1
ACC_0013100,compromised,1
ACC_0013127,recruited,1
ACC_0013147,compromised,1
ACC_0013272,recruited,1
ACC_0013310,compromised,1
ACC_0013316,layering_hub,1
ACC_0013341,cashout_agent,1
ACC_0013345,cashout_agent,1
ACC_0013347,layering_hub,1
ACC_0013375,recruited,1
ACC_0013382,recruited,1
ACC_0013387,cashout_agent,1
ACC_0013400,cashout_agent,1
ACC_0013406,cashout_agent,1
ACC_0013419,compromised,1
ACC_0013476,layering_hub,1
ACC_0013490,layering_hub,1
ACC_0013514,compromised,1
ACC_0013523,compromised,1
ACC_0013524,layering_hub,1
ACC_0013533,compromised,1
ACC_0013537,cashout_agent,1
ACC_0013614,recruited,1
ACC_0013636,layering_hub,1
ACC_0013646,layering_hub,1
ACC_0013684,compromised,1
ACC_0013692,recruited,1
ACC_0013728,recruited,1
ACC_0013746,recruited,1
ACC_0013760,layering_hub,1
ACC_0013793,compromised,1
ACC_0013845,cashout_agent,1
ACC_0013899,layering_hub,1
ACC_0013901,layering_hub,1
ACC_0013942,layering_hub,1
ACC_0013948,recruited,1
ACC_0013988,recruited,1
ACC_0014007,recruited,1
ACC_0014021,recruited,1
ACC_0014073,cashout_agent,1
ACC_0014089,compromised,1
ACC_0014095,recruited,1
ACC_0014216,cashout_agent,1
ACC_0014220,cashout_agent,1
ACC_0014251,cashout_agent,1
ACC_0014260,compromised,1
ACC_0014319,compromised,1
ACC_0014351,cashout_agent,1
ACC_0014405,cashout_agent,1
ACC_0014420,recruited,1
ACC_0014527,layering_hub,1
ACC_0014585,recruited,1
ACC_0014596,cashout_agent,1
ACC_0014597,layering_hub,1
ACC_0014619,recruited,1
ACC_0014622,recruited,1
ACC_0014642,layering_hub,1
ACC_0014667,cashout_agent,1
ACC_0014677,recruited,1
ACC_0014756,recruited,1
ACC_0014815,compromised,1
ACC_0014823,compromised,1
ACC_0014841,layering_hub,1
ACC_0014883,layering_hub,1
ACC_0014905,recruited,1
ACC_0014991,cashout_agent,1
ACC_0015080,compromised,1
ACC_0015091,recruited,1
ACC_0015097,layering_hub,1
ACC_0015173,layering_hub,1
ACC_0015175,recruited,1
ACC_0015234,recruited,1
ACC_0015271,recruited,1
ACC_0015272,compromised,1
ACC_0015301,compromised,1
ACC_0015305,compromised,1
ACC_0015351,cashout_agent,1
ACC_0015366,cashout_agent,1
ACC_0015400,cashout_agent,1
ACC_0015427,layering_hub,1
ACC_0015481,recruited,1
ACC_0015520,compromised,1
ACC_0015524,recruited,1
ACC_0015534,recruited,1
ACC_0015573,layering_hub,1
ACC_0015651,recruited,1
ACC_0015705,layering_hub,1
ACC_0015715,layering_hub,1
ACC_0015728,compromised,1
ACC_0015742,cashout_agent,1
ACC_0015796,compromised,1
ACC_0015811,compromised,1
ACC_0015851,recruited,1
ACC_0015892,cashout_agent,1
ACC_0015917,compromised,1
ACC_0015933,cashout_agent,1
ACC_0015968,compromised,1
ACC_0016027,recruited,1
ACC_0016031,layering_hub,1
ACC_0016040,cashout_agent,1
ACC_0016057,recruited,1
ACC_0016086,layering_hub,1
ACC_0016115,layering_hub,1
ACC_0016116,recruited,1
ACC_0016207,recruited,1
ACC_0016211,cashout_agent,1
ACC_0016225,compromised,1
ACC_0016232,compromised,1
ACC_0016280,cashout_agent,1
ACC_0016300,compromised,1
ACC_0016365,compromised,1
ACC_0016370,cashout_agent,1
ACC_0016382,layering_hub,1
ACC_0016412,compromised,1
ACC_0016448,compromised,1
ACC_0016471,cashout_agent,1
ACC_0016476,compromised,1
ACC_0016500,cashout_agent,1
ACC_0016505,layering_hub,1
ACC_0016507,compromised,1
ACC_0016519,layering_hub,1
ACC_0016550,compromised,1
ACC_0016641,recruited,1
ACC_0016684,compromised,1
ACC_0016687,recruited,1
ACC_0016725,compromised,1
ACC_0016744,cashout_agent,1
ACC_0016749,cashout_agent,1
ACC_0016827,layering_hub,1
ACC_0016882,cashout_agent,1
ACC_0016885,compromised,1
ACC_0016930,cashout_agent,1
ACC_0016947,cashout_agent,1
ACC_0017047,layering_hub,1
ACC_0017060,cashout_agent,1
ACC_0017123,compromised,1
ACC_0017243,compromised,1
ACC_0017318,compromised,1
ACC_0017319,recruited,1
ACC_0017329,cashout_agent,1
ACC_0017416,layering_hub,1
ACC_0017441,layering_hub,1
ACC_0017450,recruited,1
ACC_0017472,compromised,1
ACC_0017474,recruited,1
ACC_0017477,recruited,1
ACC_0017502,recruited,1
ACC_0017636,cashout_agent,1
ACC_0017661,layering_hub,1
ACC_0017690,recruited,1
ACC_0017696,compromised,1
ACC_0017714,recruited,1
ACC_0017716,compromised,1
ACC_0017748,layering_hub,1
ACC_0017751,layering_hub,1
ACC_0017763,layering_hub,1
ACC_0017804,cashout_agent,1
ACC_0017836,layering_hub,1
ACC_0017837,compromised,1
ACC_0017856,cashout_agent,1
ACC_0017884,compromised,1
ACC_0017899,layering_hub,1
ACC_0017902,layering_hub,1
ACC_0017917,recruited,1
ACC_0017940,compromised,1
ACC_0017947,cashout_agent,1
ACC_0017961,layering_hub,1
ACC_0018026,recruited,1
ACC_0018097,layering_hub,1
ACC_0018116,compromised,1
ACC_0018128,recruited,1
ACC_0018160,compromised,1
ACC_0018175,layering_hub,1
ACC_0018177,cashout_agent,1
ACC_0018193,layering_hub,1
ACC_0018195,layering_hub,1
ACC_0018205,cashout_agent,1
ACC_0018250,cashout_agent,1
ACC_0018264,compromised,1
ACC_0018291,cashout_agent,1
ACC_0018307,layering_hub,1
ACC_0018340,cashout_agent,1
ACC_0018399,layering_hub,1
ACC_0018417,recruited,1
ACC_0018419,cashout_agent,1
ACC_0018453,compromised,1
ACC_0018467,layering_hub,1
ACC_0018471,recruited,1
ACC_0018483,cashout_agent,1
ACC_0018613,compromised,1
ACC_0018644,recruited,1
ACC_0018653,recruited,1
ACC_0018726,compromised,1
ACC_0018747,compromised,1
ACC_0018758,layering_hub,1
ACC_0018795,compromised,1
ACC_0018798,compromised,1
ACC_0018804,cashout_agent,1
ACC_0018866,cashout_agent,1
ACC_0018905,recruited,1
ACC_0018909,layering_hub,1
ACC_0018969,layering_hub,1
ACC_0018989,recruited,1
ACC_0019032,cashout_agent,1
ACC_0019039,cashout_agent,1
ACC_0019048,cashout_agent,1
ACC_0019071,cashout_agent,1
ACC_0019077,compromised,1
ACC_0019084,layering_hub,1
ACC_0019127,layering_hub,1
ACC_0019128,compromised,1
ACC_0019176,cashout_agent,1
ACC_0019182,compromised,1
ACC_0019203,compromised,1
ACC_0019282,cashout_agent,1
ACC_0019300,recruited,1
ACC_0019346,layering_hub,1
ACC_0019374,cashout_agent,1
ACC_0019470,cashout_agent,1
ACC_0019539,recruited,1
ACC_0019550,compromised,1
ACC_0019616,compromised,1
ACC_0019671,cashout_agent,1
ACC_0019716,recruited,1
ACC_0019770,compromised,1
ACC_0019777,layering_hub,1
ACC_0019822,recruited,1
ACC_0019987,recruited,1
ACC_0019989,recruited,1
ACC_0019991,compromised,1
ACC_0020018,recruited,1
ACC_0020028,layering_hub,1
ACC_0020035,compromised,1
ACC_0020138,layering_hub,1
ACC_0020185,recruited,1
ACC_0020190,cashout_agent,1
ACC_0020262,cashout_agent,1
ACC_0020266,compromised,1
ACC_0020326,cashout_agent,1
ACC_0020330,compromised,1
ACC_0020347,cashout_agent,1
ACC_0020379,cashout_agent,1
ACC_0020390,cashout_agent,1
ACC_0020462,layering_hub,1
ACC_0020574,cashout_agent,1
ACC_0020597,cashout_agent,1
ACC_0020615,compromised,1
ACC_0020640,compromised,1
ACC_0020650,layering_hub,1
ACC_0020805,compromised,1
ACC_0020815,layering_hub,1
ACC_0020840,layering_hub,1
ACC_0020844,compromised,1
ACC_0020871,recruited,1
ACC_0020884,recruited,1
ACC_0020932,layering_hub,1
ACC_0020962,cashout_agent,1
ACC_0020985,compromised,1
ACC_0020999,layering_hub,1
ACC_0021044,compromised,1
ACC_0021057,compromised,1
ACC_0021110,recruited,1
ACC_0021119,layering_hub,1
ACC_0021158,recruited,1
ACC_0021169,cashout_agent,1
ACC_0021180,layering_hub,1
ACC_0021211,cashout_agent,1
ACC_0021228,cashout_agent,1
ACC_0021339,layering_hub,1
ACC_0021341,compromised,1
ACC_0021346,recruited,1
ACC_0021353,recruited,1
ACC_0021503,recruited,1
ACC_0021526,recruited,1
ACC_0021572,layering_hub,1
ACC_0021589,compromised,1
ACC_0021621,cashout_agent,1
ACC_0021651,recruited,1
ACC_0021681,cashout_agent,1
ACC_0021702,compromised,1
ACC_0021762,recruited,1
ACC_0021765,layering_hub,1
ACC_0021801,cashout_agent,1
ACC_0021815,compromised,1
ACC_0021826,recruited,1
ACC_0021844,compromised,1
ACC_0021846,recruited,1
ACC_0021873,compromised,1
ACC_0021902,compromised,1
ACC_0021908,layering_hub,1
ACC_0021920,recruited,1
ACC_0021942,compromised,1
ACC_0021989,recruited,1
ACC_0022028,layering_hub,1
ACC_0022080,cashout_agent,1
ACC_0022086,compromised,1
ACC_0022106,compromised,1
ACC_0022114,layering_hub,1
ACC_0022166,recruited,1
ACC_0022169,recruited,1
ACC_0022215,layering_hub,1
ACC_0022274,cashout_agent,1
ACC_0022367,recruited,1
ACC_0022370,recruited,1
ACC_0022389,recruited,1
ACC_0022414,layering_hub,1
ACC_0022422,recruited,1
ACC_0022462,compromised,1
ACC_0022469,layering_hub,1
ACC_0022578,recruited,1
ACC_0022582,cashout_agent,1
ACC_0022599,compromised,1
ACC_0022626,recruited,1
ACC_0022641,compromised,1
ACC_0022751,compromised,1
ACC_0022781,recruited,1
ACC_0022788,cashout_agent,1
ACC_0022840,layering_hub,1
ACC_0022852,cashout_agent,1
ACC_0022872,cashout_agent,1
ACC_0022962,cashout_agent,1
ACC_0022976,compromised,1
ACC_0023001,layering_hub,1
ACC_0023088,compromised,1
ACC_0023121,cashout_agent,1
ACC_0023144,compromised,1
ACC_0023172,layering_hub,1
ACC_0023187,recruited,1
ACC_0023200,cashout_agent,1
ACC_0023206,cashout_agent,1
ACC_0023221,compromised,1
ACC_0023269,recruited,1
ACC_0023272,compromised,1
ACC_0023275,cashout_agent,1
ACC_0023309,cashout_agent,1
ACC_0023320,recruited,1
ACC_0023337,compromised,1
ACC_0023445,recruited,1
ACC_0023543,compromised,1
ACC_0023562,compromised,1
ACC_0023603,compromised,1
ACC_0023618,cashout_agent,1
ACC_0023627,cashout_agent,1
ACC_0023686,recruited,1
ACC_0023705,compromised,1
ACC_0023717,layering_hub,1
ACC_0023774,compromised,1
ACC_0023800,recruited,1
ACC_0023843,cashout_agent,1
ACC_0023866,recruited,1
ACC_0023888,layering_hub,1
ACC_0023934,recruited,1
ACC_0023936,layering_hub,1
ACC_0023942,recruited,1
ACC_0024059,compromised,1
ACC_0024091,recruited,1
ACC_0024129,layering_hub,1
ACC_0024191,compromised,1
ACC_0024238,compromised,1
ACC_0024251,recruited,1
ACC_0024253,recruited,1
ACC_0024281,layering_hub,1
ACC_0024289,layering_hub,1
ACC_0024398,layering_hub,1
ACC_0024429,layering_hub,1
ACC_0024462,layering_hub,1
ACC_0024507,compromised,1
ACC_0024546,cashout_agent,1
ACC_0024561,cashout_agent,1
ACC_0024605,cashout_agent,1
ACC_0024635,compromised,1
ACC_0024649,compromised,1
ACC_0024742,cashout_agent,1
ACC_0024758,compromised,1
ACC_0024820,cashout_agent,1
ACC_0024887,cashout_agent,1
ACC_0024898,layering_hub,1
ACC_0025008,compromised,1
ACC_0025033,layering_hub,1
ACC_0025050,compromised,1
ACC_0025057,recruited,1
ACC_0025063,recruited,1
ACC_0025085,recruited,1
ACC_0025093,recruited,1
ACC_0025114,recruited,1
ACC_0025157,recruited,1
ACC_0025167,compromised,1
ACC_0025194,layering_hub,1
ACC_0025241,recruited,1
ACC_0025279,compromised,1
ACC_0025288,layering_hub,1
ACC_0025361,layering_hub,1
ACC_0025363,cashout_agent,1
ACC_0025379,layering_hub,1
ACC_0025423,compromised,1
ACC_0025435,compromised,1
ACC_0025454,layering_hub,1
ACC_0025481,recruited,1
ACC_0025514,recruited,1
ACC_0025522,recruited,1
ACC_0025526,layering_hub,1
ACC_0025531,cashout_agent,1
ACC_0025532,layering_hub,1
ACC_0025570,recruited,1
ACC_0025605,cashout_agent,1
ACC_0025631,layering_hub,1
ACC_0025693,recruited,1
ACC_0025733,cashout_agent,1
ACC_0025785,compromised,1
ACC_0025786,compromised,1
ACC_0025853,cashout_agent,1
ACC_0025865,recruited,1
ACC_0025871,layering_hub,1
ACC_0025898,layering_hub,1
ACC_0025908,layering_hub,1
ACC_0026007,layering_hub,1
ACC_0026043,recruited,1
ACC_0026061,layering_hub,1
ACC_0026062,cashout_agent,1
ACC_0026071,cashout_agent,1
ACC_0026073,compromised,1
ACC_0026079,compromised,1
ACC_0026089,layering_hub,1
ACC_0026103,cashout_agent,1
ACC_0026113,recruited,1
ACC_0026152,recruited,1
ACC_0026170,recruited,1
ACC_0026203,compromised,1
ACC_0026244,recruited,1
ACC_0026248,layering_hub,1
ACC_0026263,compromised,1
ACC_0026402,cashout_agent,1
ACC_0026411,cashout_agent,1
ACC_0026417,compromised,1
ACC_0026418,cashout_agent,1
ACC_0026446,compromised,1
ACC_0026511,layering_hub,1
ACC_0026516,compromised,1
ACC_0026572,layering_hub,1
ACC_0026602,compromised,1
ACC_0026668,recruited,1
ACC_0026776,cashout_agent,1
ACC_0026808,compromised,1
ACC_0026815,cashout_agent,1
ACC_0026852,cashout_agent,1
ACC_0026931,cashout_agent,1
ACC_0026957,layering_hub,1
ACC_0026961,cashout_agent,1
ACC_0026963,compromised,1
ACC_0026979,compromised,1
ACC_0026987,layering_hub,1
ACC_0027004,recruited,1
ACC_0027040,recruited,1
ACC_0027060,recruited,1
ACC_0027062,recruited,1
ACC_0027081,recruited,1
ACC_0027092,layering_hub,1
ACC_0027095,cashout_agent,1
ACC_0027125,cashout_agent,1
ACC_0027135,compromised,1
ACC_0027169,compromised,1
ACC_0027189,compromised,1
ACC_0027203,recruited,1
ACC_0027208,cashout_agent,1
ACC_0027214,recruited,1
ACC_0027219,layering_hub,1
ACC_0027296,recruited,1
ACC_0027305,compromised,1
ACC_0027331,compromised,1
ACC_0027334,layering_hub,1
ACC_0027353,layering_hub,1
ACC_0027421,recruited,1
ACC_0027422,compromised,1
ACC_0027466,cashout_agent,1
ACC_0027479,recruited,1
ACC_0027496,recruited,1
ACC_0027511,compromised,1
ACC_0027535,compromised,1
ACC_0027564,compromised,1
ACC_0027584,compromised,1
ACC_0027617,layering_hub,1
ACC_0027621,cashout_agent,1
ACC_0027634,cashout_agent,1
ACC_0027677,recruited,1
ACC_0027691,compromised,1
ACC_0027707,layering_hub,1
ACC_0027724,compromised,1
ACC_0027753,recruited,1
ACC_0027785,cashout_agent,1
ACC_0027787,cashout_agent,1
ACC_0027807,cashout_agent,1
ACC_0027871,cashout_agent,1
ACC_0027885,layering_hub,1
ACC_0027898,layering_hub,1
ACC_0028028,layering_hub,1
ACC_0028039,compromised,1
ACC_0028099,layering_hub,1
ACC_0028131,layering_hub,1
ACC_0028164,recruited,1
ACC_0028165,recruited,1
ACC_0028202,recruited,1
ACC_0028263,layering_hub,1
ACC_0028298,cashout_agent,1
ACC_0028319,recruited,1
ACC_0028327,recruited,1
ACC_0028336,cashout_agent,1
ACC_0028447,cashout_agent,1
ACC_0028458,compromised,1
ACC_0028472,recruited,1
ACC_0028525,layering_hub,1
ACC_0028564,compromised,1
ACC_0028603,compromised,1
ACC_0028725,layering_hub,1
ACC_0028728,cashout_agent,1
ACC_0028734,recruited,1
ACC_0028828,layering_hub,1
ACC_0028896,cashout_agent,1
ACC_0028900,compromised,1
ACC_0028926,layering_hub,1
ACC_0028935,recruited,1
ACC_0028967,cashout_agent,1
ACC_0028971,layering_hub,1
ACC_0029042,recruited,1
ACC_0029057,recruited,1
ACC_0029070,cashout_agent,1
ACC_0029075,cashout_agent,1
ACC_0029212,compromised,1
ACC_0029264,recruited,1
ACC_0029303,recruited,1
ACC_0029397,compromised,1
ACC_0029402,compromised,1
ACC_0029458,layering_hub,1
ACC_0029514,layering_hub,1
ACC_0029536,recruited,1
ACC_0029544,layering_hub,1
ACC_0029560,compromised,1
ACC_0029583,recruited,1
ACC_0029675,recruited,1
ACC_0029695,layering_hub,1
ACC_0029722,layering_hub,1
ACC_0029756,cashout_agent,1
ACC_0029776,compromised,1
ACC_0029788,compromised,1
ACC_0029806,compromised,1
ACC_0029813,cashout_agent,1
ACC_0029816,layering_hub,1
ACC_0029929,recruited,1
ACC_0029933,recruited,1
ACC_0030010,layering_hub,1
ACC_0030022,cashout_agent,1
ACC_0030069,compromised,1
ACC_0030116,compromised,1
ACC_0030162,recruited,1
ACC_0030222,cashout_agent,1
ACC_0030233,cashout_agent,1
ACC_0030253,recruited,1
ACC_0030274,cashout_agent,1
ACC_0030336,cashout_agent,1
ACC_0030408,recruited,1
ACC_0030451,layering_hub,1
ACC_0030488,cashout_agent,1
ACC_0030513,layering_hub,1
ACC_0030553,recruited,1
ACC_0030579,cashout_agent,1
ACC_0030584,cashout_agent,1
ACC_0030596,cashout_agent,1
ACC_0030621,cashout_agent,1
ACC_0030623,cashout_agent,1
ACC_0030636,recruited,1
ACC_0030641,compromised,1
ACC_0030671,layering_hub,1
ACC_0030703,layering_hub,1
ACC_0030708,layering_hub,1
ACC_0030730,compromised,1
ACC_0030737,recruited,1
ACC_0030738,layering_hub,1
ACC_0030747,compromised,1
ACC_0030763,layering_hub,1
ACC_0030771,layering_hub,1
ACC_0030789,compromised,1
ACC_0030791,recruited,1
ACC_0030951,recruited,1
ACC_0030979,cashout_agent,1
ACC_0031011,recruited,1
ACC_0031063,cashout_agent,1
ACC_0031074,cashout_agent,1
ACC_0031078,layering_hub,1
ACC_0031089,compromised,1
ACC_0031138,recruited,1
ACC_0031178,recruited,1
ACC_0031285,recruited,1
ACC_0031336,recruited,1
ACC_0031414,cashout_agent,1
ACC_0031448,compromised,1
ACC_0031451,recruited,1
ACC_0031464,recruited,1
ACC_0031511,recruited,1
ACC_0031525,compromised,1
ACC_0031561,recruited,1
ACC_0031619,cashout_agent,1
ACC_0031628,compromised,1
ACC_0031632,cashout_agent,1
ACC_0031665,recruited,1
ACC_0031672,cashout_agent,1
ACC_0031701,recruited,1
ACC_0031722,recruited,1
ACC_0031725,cashout_agent,1
ACC_0031765,recruited,1
ACC_0031766,layering_hub,1
ACC_0031783,compromised,1
ACC_0031811,layering_hub,1
ACC_0031826,recruited,1
ACC_0031866,recruited,1
ACC_0031882,compromised,1
ACC_0031941,cashout_agent,1
ACC_0031957,recruited,1
ACC_0031973,compromised,1
ACC_0032018,cashout_agent,1
ACC_0032026,recruited,1
ACC_0032043,layering_hub,1
ACC_0032059,compromised,1
ACC_0032081,layering_hub,1
ACC_0032092,recruited,1
ACC_0032122,recruited,1
ACC_0032184,compromised,1
ACC_0032232,layering_hub,1
ACC_0032234,recruited,1
ACC_0032266,layering_hub,1
ACC_0032290,recruited,1
ACC_0032389,compromised,1
ACC_0032392,compromised,1
ACC_0032402,recruited,1
ACC_0032407,compromised,1
ACC_0032436,cashout_agent,1
ACC_0032440,compromised,1
ACC_0032471,recruited,1
ACC_0032505,cashout_agent,1
ACC_0032568,compromised,1
ACC_0032576,recruited,1
ACC_0032579,recruited,1
ACC_0032587,layering_hub,1
ACC_0032615,recruited,1
ACC_0032664,compromised,1
ACC_0032674,compromised,1
ACC_0032786,layering_hub,1
ACC_0032798,compromised,1
ACC_0032811,compromised,1
ACC_0032825,compromised,1
ACC_0032846,recruited,1
ACC_0032856,recruited,1
ACC_0032909,layering_hub,1
ACC_0032914,recruited,1
ACC_0032950,layering_hub,1
ACC_0032959,compromised,1
ACC_0032971,recruited,1
ACC_0032992,recruited,1
ACC_0033013,cashout_agent,1
ACC_0033016,cashout_agent,1
ACC_0033113,layering_hub,1
ACC_0033132,compromised,1
ACC_0033171,cashout_agent,1
ACC_0033183,layering_hub,1
ACC_0033226,compromised,1
ACC_0033228,cashout_agent,1
ACC_0033235,compromised,1
ACC_0033249,recruited,1
ACC_0033287,compromised,1
ACC_0033291,layering_hub,1
ACC_0033357,recruited,1
ACC_0033365,cashout_agent,1
ACC_0033402,cashout_agent,1
ACC_0033482,recruited,1
ACC_0033514,layering_hub,1
ACC_0033521,layering_hub,1
ACC_0033523,recruited,1
ACC_0033528,compromised,1
ACC_0033555,layering_hub,1
ACC_0033590,layering_hub,1
ACC_0033624,recruited,1
ACC_0033667,recruited,1
ACC_0033669,layering_hub,1
ACC_0033687,recruited,1
ACC_0033702,cashout_agent,1
ACC_0033738,layering_hub,1
ACC_0033741,compromised,1
ACC_0033783,layering_hub,1
ACC_0033786,compromised,1
ACC_0033811,cashout_agent,1
ACC_0033814,cashout_agent,1
ACC_0033818,compromised,1
ACC_0033838,cashout_agent,1
ACC_0033914,compromised,1
ACC_0033939,recruited,1
ACC_0033943,layering_hub,1
ACC_0033995,cashout_agent,1
ACC_0034004,cashout_agent,1
ACC_0034009,cashout_agent,1
ACC_0034025,cashout_agent,1
ACC_0034058,compromised,1
ACC_0034059,cashout_agent,1
ACC_0034114,cashout_agent,1
ACC_0034150,cashout_agent,1
ACC_0034169,cashout_agent,1
ACC_0034221,layering_hub,1
ACC_0034257,layering_hub,1
ACC_0034271,layering_hub,1
ACC_0034294,recruited,1
ACC_0034354,layering_hub,1
ACC_0034418,cashout_agent,1
ACC_0034576,cashout_agent,1
ACC_0034636,cashout_agent,1
ACC_0034662,cashout_agent,1
ACC_0034685,cashout_agent,1
ACC_0034725,recruited,1
ACC_0034735,layering_hub,1
ACC_0034744,layering_hub,1
ACC_0034747,layering_hub,1
ACC_0034777,recruited,1
ACC_0034804,recruited,1
ACC_0034812,cashout_agent,1
ACC_0034837,layering_hub,1
ACC_0034841,compromised,1
ACC_0034853,compromised,1
ACC_0034866,layering_hub,1
ACC_0034969,layering_hub,1
ACC_0034999,compromised,1
ACC_0035017,cashout_agent,1
ACC_0035071,recruited,1
ACC_0035085,cashout_agent,1
ACC_0035093,cashout_agent,1
ACC_0035169,recruited,1
ACC_0035182,layering_hub,1
ACC_0035217,compromised,1
ACC_0035218,recruited,1
ACC_0035242,layering_hub,1
ACC_0035273,compromised,1
ACC_0035309,recruited,1
ACC_0035329,layering_hub,1
ACC_0035333,cashout_agent,1
ACC_0035345,layering_hub,1
ACC_0035376,cashout_agent,1
ACC_0035410,layering_hub,1
ACC_0035457,layering_hub,1
ACC_0035522,recruited,1
ACC_0035528,recruited,1
ACC_0035535,recruited,1
ACC_0035588,cashout_agent,1
ACC_0035617,compromised,1
ACC_0035626,cashout_agent,1
ACC_0035701,compromised,1
ACC_0035706,layering_hub,1
ACC_0035744,compromised,1
ACC_0035763,layering_hub,1
ACC_0035789,cashout_agent,1
ACC_0035803,layering_hub,1
ACC_0035823,cashout_agent,1
ACC_0035863,recruited,1
ACC_0035871,layering_hub,1
ACC_0035872,layering_hub,1
ACC_0035878,layering_hub,1
ACC_0035998,layering_hub,1
ACC_0036004,cashout_agent,1
ACC_0036012,compromised,1
ACC_0036064,compromised,1
ACC_0036090,layering_hub,1
ACC_0036128,cashout_agent,1
ACC_0036134,compromised,1
ACC_0036145,cashout_agent,1
ACC_0036161,layering_hub,1
ACC_0036180,compromised,1
ACC_0036233,compromised,1
ACC_0036288,cashout_agent,1
ACC_0036289,compromised,1
ACC_0036299,cashout_agent,1
ACC_0036374,cashout_agent,1
ACC_0036433,cashout_agent,1
ACC_0036483,cashout_agent,1
ACC_0036487,cashout_agent,1
ACC_0036535,cashout_agent,1
ACC_0036593,cashout_agent,1
ACC_0036598,compromised,1
ACC_0036602,compromised,1
ACC_0036659,compromised,1
ACC_0036672,recruited,1
ACC_0036678,layering_hub,1
ACC_0036690,compromised,1
ACC_0036694,cashout_agent,1
ACC_0036727,layering_hub,1
ACC_0036744,layering_hub,1
ACC_0036750,cashout_agent,1
ACC_0036775,cashout_agent,1
ACC_0036803,layering_hub,1
ACC_0036821,recruited,1
ACC_0036839,layering_hub,1
ACC_0036848,cashout_agent,1
ACC_0036850,recruited,1
ACC_0036893,cashout_agent,1
ACC_0037029,layering_hub,1
ACC_0037030,recruited,1
ACC_0037048,layering_hub,1
ACC_0037053,cashout_agent,1
ACC_0037067,recruited,1
ACC_0037077,recruited,1
ACC_0037091,cashout_agent,1
ACC_0037095,cashout_agent,1
ACC_0037119,layering_hub,1
ACC_0037152,recruited,1
ACC_0037161,cashout_agent,1
ACC_0037172,compromised,1
ACC_0037177,compromised,1
ACC_0037218,recruited,1
ACC_0037220,cashout_agent,1
ACC_0037233,recruited,1
ACC_0037238,layering_hub,1
ACC_0037302,compromised,1
ACC_0037313,layering_hub,1
ACC_0037316,layering_hub,1
ACC_0037347,compromised,1
ACC_0037379,layering_hub,1
ACC_0037385,recruited,1
ACC_0037398,cashout_agent,1
ACC_0037413,cashout_agent,1
ACC_0037416,recruited,1
ACC_0037455,recruited,1
ACC_0037499,cashout_agent,1
ACC_0037553,layering_hub,1
ACC_0037568,cashout_agent,1
ACC_0037583,compromised,1
ACC_0037618,cashout_agent,1
ACC_0037680,compromised,1
ACC_0037749,layering_hub,1
ACC_0037754,layering_hub,1
ACC_0037774,layering_hub,1
ACC_0037836,recruited,1
ACC_0037838,layering_hub,1
ACC_0037880,cashout_agent,1
ACC_0037884,layering_hub,1
ACC_0037950,compromised,1
ACC_0037962,layering_hub,1
ACC_0037979,layering_hub,1
ACC_0038101,compromised,1
ACC_0038147,cashout_agent,1
ACC_0038172,recruited,1
ACC_0038197,layering_hub,1
ACC_0038242,cashout_agent,1
ACC_0038270,compromised,1
ACC_0038272,layering_hub,1
ACC_0038315,compromised,1
ACC_0038346,layering_hub,1
ACC_0038445,cashout_agent,1
ACC_0038475,recruited,1
ACC_0038476,layering_hub,1
ACC_0038499,recruited,1
ACC_0038514,compromised,1
ACC_0038517,cashout_agent,1
ACC_0038526,layering_hub,1
ACC_0038610,cashout_agent,1
ACC_0038652,recruited,1
ACC_0038704,recruited,1
ACC_0038726,compromised,1
ACC_0038744,recruited,1
ACC_0038791,recruited,1
ACC_0038845,recruited,1
ACC_0038857,cashout_agent,1
ACC_0038860,recruited,1
ACC_0038973,layering_hub,1
ACC_0038999,layering_hub,1
ACC_0039034,compromised,1
ACC_0039039,compromised,1
ACC_0039076,compromised,1
ACC_0039103,cashout_agent,1
ACC_0039145,cashout_agent,1
ACC_0039159,layering_hub,1
ACC_0039199,layering_hub,1
ACC_0039227,compromised,1
ACC_0039228,compromised,1
ACC_0039236,compromised,1
ACC_0039240,layering_hub,1
ACC_0039285,recruited,1
ACC_0039291,compromised,1
ACC_0039305,recruited,1
ACC_0039354,recruited,1
ACC_0039423,recruited,1
ACC_0039481,recruited,1
ACC_0039507,layering_hub,1
ACC_0039516,recruited,1
ACC_0039528,recruited,1
ACC_0039532,compromised,1
ACC_0039549,layering_hub,1
ACC_0039561,cashout_agent,1
ACC_0039591,recruited,1
ACC_0039658,recruited,1
ACC_0039737,layering_hub,1
ACC_0039748,recruited,1
ACC_0039805,compromised,1
ACC_0039808,layering_hub,1
ACC_0039810,recruited,1
ACC_0039817,recruited,1
ACC_0039832,recruited,1
ACC_0039913,layering_hub,1
ACC_0039921,cashout_agent,1
ACC_0039939,compromised,1
ACC_0040019,layering_hub,1
ACC_0040048,layering_hub,1
ACC_0040050,layering_hub,1
ACC_0040051,layering_hub,1
ACC_0040055,cashout_agent,1
ACC_0040168,layering_hub,1
ACC_0040188,cashout_agent,1
ACC_0040200,cashout_agent,1
ACC_0040252,compromised,1
ACC_0040284,compromised,1
ACC_0040351,layering_hub,1
ACC_0040359,recruited,1
ACC_0040369,recruited,1
ACC_0040375,cashout_agent,1
ACC_0040396,recruited,1
ACC_0040404,recruited,1
ACC_0040453,layering_hub,1
ACC_0040487,recruited,1
ACC_0040511,compromised,1
ACC_0040517,compromised,1
ACC_0040556,layering_hub,1
ACC_0040557,layering_hub,1
ACC_0040593,layering_hub,1
ACC_0040622,cashout_agent,1
ACC_0040641,compromised,1
ACC_0040749,cashout_agent,1
ACC_0040780,cashout_agent,1
ACC_0040830,recruited,1
ACC_0040832,layering_hub,1
ACC_0040884,layering_hub,1
ACC_0040926,layering_hub,1
ACC_0040940,recruited,1
ACC_0040944,compromised,1
ACC_0041015,compromised,1
ACC_0041022,recruited,1
ACC_0041037,compromised,1
ACC_0041071,compromised,1
ACC_0041112,recruited,1
ACC_0041149,cashout_agent,1
ACC_0041222,cashout_agent,1
ACC_0041238,recruited,1
ACC_0041244,compromised,1
ACC_0041249,cashout_agent,1
ACC_0041297,layering_hub,1
ACC_0041317,compromised,1
ACC_0041352,recruited,1
ACC_0041383,recruited,1
ACC_0041435,recruited,1
ACC_0041473,compromised,1
ACC_0041488,layering_hub,1
ACC_0041526,recruited,1
ACC_0041548,layering_hub,1
ACC_0041565,recruited,1
ACC_0041606,layering_hub,1
ACC_0041631,cashout_agent,1
ACC_0041666,compromised,1
ACC_0041698,compromised,1
ACC_0041717,cashout_agent,1
ACC_0041735,layering_hub,1
ACC_0041761,recruited,1
ACC_0041781,cashout_agent,1
ACC_0041832,layering_hub,1
ACC_0041855,recruited,1
ACC_0041888,compromised,1
ACC_0041928,recruited,1
ACC_0041949,recruited,1
ACC_0041955,layering_hub,1
ACC_0041959,compromised,1
ACC_0041982,compromised,1
ACC_0041992,layering_hub,1
ACC_0042008,cashout_agent,1
ACC_0042038,recruited,1
ACC_0042056,layering_hub,1
ACC_0042064,recruited,1
ACC_0042069,recruited,1
ACC_0042100,cashout_agent,1
ACC_0042112,cashout_agent,1
ACC_0042116,recruited,1
ACC_0042144,layering_hub,1
ACC_0042185,recruited,1
ACC_0042207,cashout_agent,1
ACC_0042239,compromised,1
ACC_0042300,cashout_agent,1
ACC_0042307,recruited,1
ACC_0042317,layering_hub,1
ACC_0042320,cashout_agent,1
ACC_0042336,compromised,1
ACC_0042339,compromised,1
ACC_0042347,layering_hub,1
ACC_0042368,cashout_agent,1
ACC_0042373,cashout_agent,1
ACC_0042377,layering_hub,1
ACC_0042382,compromised,1
ACC_0042384,compromised,1
ACC_0042402,cashout_agent,1
ACC_0042412,compromised,1
ACC_0042413,cashout_agent,1
ACC_0042419,recruited,1
ACC_0042435,recruited,1
ACC_0042473,recruited,1
ACC_0042564,cashout_agent,1
ACC_0042599,compromised,1
ACC_0042637,compromised,1
ACC_0042649,cashout_agent,1
ACC_0042662,recruited,1
ACC_0042683,compromised,1
ACC_0042717,recruited,1
ACC_0042814,recruited,1
ACC_0042820,layering_hub,1
ACC_0042824,compromised,1
ACC_0042830,cashout_agent,1
ACC_0042839,compromised,1
ACC_0042953,recruited,1
ACC_0042958,compromised,1
ACC_0042988,cashout_agent,1
ACC_0043043,cashout_agent,1
ACC_0043044,layering_hub,1
ACC_0043073,compromised,1
ACC_0043174,recruited,1
ACC_0043178,cashout_agent,1
ACC_0043205,compromised,1
ACC_0043232,cashout_agent,1
ACC_0043251,compromised,1
ACC_0043267,layering_hub,1
ACC_0043273,recruited,1
ACC_0043309,cashout_agent,1
ACC_0043341,recruited,1
ACC_0043354,recruited,1
ACC_0043409,layering_hub,1
ACC_0043424,compromised,1
ACC_0043448,recruited,1
ACC_0043479,recruited,1
ACC_0043543,layering_hub,1
ACC_0043587,compromised,1
ACC_0043597,recruited,1
ACC_0043602,recruited,1
ACC_0043611,recruited,1
ACC_0043623,layering_hub,1
ACC_0043639,cashout_agent,1
ACC_0043644,compromised,1
ACC_0043674,layering_hub,1
ACC_0043728,cashout_agent,1
ACC_0043778,layering_hub,1
ACC_0043807,compromised,1
ACC_0043812,layering_hub,1
ACC_0043841,recruited,1
ACC_0043860,cashout_agent,1
ACC_0043906,cashout_agent,1
ACC_0043957,compromised,1
ACC_0043960,layering_hub,1
ACC_0043979,layering_hub,1
ACC_0043993,cashout_agent,1
ACC_0043996,compromised,1
ACC_0044041,cashout_agent,1
ACC_0044054,layering_hub,1
ACC_0044098,recruited,1
ACC_0044180,compromised,1
ACC_0044181,compromised,1
ACC_0044194,cashout_agent,1
ACC_0044196,compromised,1
ACC_0044225,recruited,1
ACC_0044257,layering_hub,1
ACC_0044259,cashout_agent,1
ACC_0044269,recruited,1
ACC_0044309,cashout_agent,1
ACC_0044313,layering_hub,1
ACC_0044390,layering_hub,1
ACC_0044418,layering_hub,1
ACC_0044419,layering_hub,1
ACC_0044479,layering_hub,1
ACC_0044487,cashout_agent,1
ACC_0044518,layering_hub,1
ACC_0044534,cashout_agent,1
ACC_0044583,recruited,1
ACC_0044616,layering_hub,1
ACC_0044627,layering_hub,1
ACC_0044651,layering_hub,1
ACC_0044656,recruited,1
ACC_0044722,layering_hub,1
ACC_0044769,cashout_agent,1
ACC_0044780,cashout_agent,1
ACC_0044795,recruited,1
ACC_0044899,compromised,1
ACC_0044922,layering_hub,1
ACC_0044924,layering_hub,1
ACC_0044976,cashout_agent,1
ACC_0044977,recruited,1
ACC_0044989,layering_hub,1
ACC_0045017,layering_hub,1
ACC_0045083,recruited,1
ACC_0045084,cashout_agent,1
ACC_0045119,compromised,1
ACC_0045129,cashout_agent,1
ACC_0045186,recruited,1
ACC_0045259,cashout_agent,1
ACC_0045290,compromised,1
ACC_0045390,recruited,1
ACC_0045391,compromised,1
ACC_0045436,recruited,1
ACC_0045441,cashout_agent,1
ACC_0045459,cashout_agent,1
ACC_0045463,layering_hub,1
ACC_0045490,cashout_agent,1
ACC_0045583,layering_hub,1
ACC_0045607,cashout_agent,1
ACC_0045632,cashout_agent,1
ACC_0045640,recruited,1
ACC_0045645,recruited,1
ACC_0045672,compromised,1
ACC_0045690,compromised,1
ACC_0045786,layering_hub,1
ACC_0045826,layering_hub,1
ACC_0045896,recruited,1
ACC_0045906,layering_hub,1
ACC_0045922,cashout_agent,1
ACC_0045947,compromised,1
ACC_0045955,cashout_agent,1
ACC_0045979,compromised,1
ACC_0046021,cashout_agent,1
ACC_0046038,cashout_agent,1
ACC_0046095,cashout_agent,1
ACC_0046150,recruited,1
ACC_0046153,layering_hub,1
ACC_0046158,compromised,1
ACC_0046267,layering_hub,1
ACC_0046302,layering_hub,1
ACC_0046308,compromised,1
ACC_0046315,layering_hub,1
ACC_0046321,recruited,1
ACC_0046325,compromised,1
ACC_0046334,layering_hub,1
ACC_0046362,compromised,1
ACC_0046386,recruited,1
ACC_0046387,recruited,1
ACC_0046408,compromised,1
ACC_0046410,recruited,1
ACC_0046421,recruited,1
ACC_0046439,compromised,1
ACC_0046522,layering_hub,1
ACC_0046595,cashout_agent,1
ACC_0046599,recruited,1
ACC_0046618,recruited,1
ACC_0046644,compromised,1
ACC_0046650,layering_hub,1
ACC_0046717,compromised,1
ACC_0046745,compromised,1
ACC_0046861,recruited,1
ACC_0046871,compromised,1
ACC_0046886,compromised,1
ACC_0046894,layering_hub,1
ACC_0046904,compromised,1
ACC_0046989,recruited,1
ACC_0047000,compromised,1
ACC_0047007,compromised,1
ACC_0047019,layering_hub,1
ACC_0047028,compromised,1
ACC_0047045,recruited,1
ACC_0047261,cashout_agent,1
ACC_0047273,layering_hub,1
ACC_0047401,recruited,1
ACC_0047404,compromised,1
ACC_0047417,compromised,1
ACC_0047435,layering_hub,1
ACC_0047507,layering_hub,1
ACC_0047526,compromised,1
ACC_0047535,cashout_agent,1
ACC_0047616,compromised,1
ACC_0047663,compromised,1
ACC_0047672,cashout_agent,1
ACC_0047683,recruited,1
ACC_0047706,compromised,1
ACC_0047708,cashout_agent,1
ACC_0047713,layering_hub,1
ACC_0047715,layering_hub,1
ACC_0047720,cashout_agent,1
ACC_0047769,compromised,1
ACC_0047773,recruited,1
ACC_0047800,layering_hub,1
ACC_0047825,layering_hub,1
ACC_0047828,recruited,1
ACC_0047861,layering_hub,1
ACC_0047898,cashout_agent,1
ACC_0047942,layering_hub,1
ACC_0047967,cashout_agent,1
ACC_0047968,cashout_agent,1
ACC_0047987,cashout_agent,1
ACC_0047990,recruited,1
ACC_0048008,recruited,1
ACC_0048023,cashout_agent,1
ACC_0048076,recruited,1
ACC_0048154,compromised,1
ACC_0048175,recruited,1
ACC_0048225,compromised,1
ACC_0048239,recruited,1
ACC_0048258,compromised,1
ACC_0048265,cashout_agent,1
ACC_0048385,cashout_agent,1
ACC_0048435,cashout_agent,1
ACC_0048459,cashout_agent,1
ACC_0048460,compromised,1
ACC_0048495,cashout_agent,1
ACC_0048513,compromised,1
ACC_0048551,layering_hub,1
ACC_0048582,compromised,1
ACC_0048615,recruited,1
ACC_0048646,recruited,1
ACC_0048669,layering_hub,1
ACC_0048679,layering_hub,1
ACC_0048708,cashout_agent,1
ACC_0048710,recruited,1
ACC_0048721,cashout_agent,1
ACC_0048722,layering_hub,1
ACC_0048728,compromised,1
ACC_0048776,recruited,1
ACC_0048998,cashout_agent,1
ACC_0049142,cashout_agent,1
ACC_0049171,layering_hub,1
ACC_0049203,layering_hub,1
ACC_0049231,compromised,1
ACC_0049278,cashout_agent,1
ACC_0049289,cashout_agent,1
ACC_0049304,cashout_agent,1
ACC_0049311,compromised,1
ACC_0049315,cashout_agent,1
ACC_0049419,compromised,1
ACC_0049464,cashout_agent,1
ACC_0049466,layering_hub,1
ACC_0049493,cashout_agent,1
ACC_0049513,cashout_agent,1
ACC_0049528,layering_hub,1
ACC_0049534,recruited,1
ACC_0049585,cashout_agent,1
ACC_0049637,cashout_agent,1
ACC_0049646,compromised,1
ACC_0049659,recruited,1
ACC_0049708,layering_hub,1
ACC_0049717,compromised,1
ACC_0049768,cashout_agent,1
ACC_0049791,layering_hub,1
ACC_0049795,compromised,1
ACC_0049801,layering_hub,1
ACC_0049806,cashout_agent,1
ACC_0049813,layering_hub,1
ACC_0049840,recruited,1
ACC_0049841,compromised,1
ACC_0049863,cashout_agent,1
ACC_0049885,compromised,1
ACC_0049892,layering_hub,1
ACC_0049925,cashout_agent,1
ACC_0049935,recruited,1
ACC_0049950,compromised,1
ACC_0050004,layering_hub,1
ACC_0050047,recruited,1
ACC_0050059,layering_hub,1
ACC_0050066,layering_hub,1
ACC_0050071,cashout_agent,1
ACC_0050122,recruited,1
ACC_0050162,compromised,1
ACC_0050200,recruited,1
ACC_0050212,recruited,1
ACC_0050214,compromised,1
ACC_0050231,cashout_agent,1
ACC_0050259,recruited,1
ACC_0050284,compromised,1
ACC_0050301,recruited,1
ACC_0050315,cashout_agent,1
ACC_0050358,layering_hub,1
ACC_0050414,cashout_agent,1
ACC_0050423,layering_hub,1
ACC_0050471,compromised,1
ACC_0050494,cashout_agent,1
ACC_0050572,layering_hub,1
ACC_0050611,recruited,1
ACC_0050614,layering_hub,1
ACC_0050625,recruited,1
ACC_0050650,recruited,1
ACC_0050670,recruited,1
ACC_0050741,compromised,1
ACC_0050742,cashout_agent,1
ACC_0050744,compromised,1
ACC_0050747,layering_hub,1
ACC_0050765,compromised,1
ACC_0050820,recruited,1
ACC_0050880,compromised,1
ACC_0050903,layering_hub,1
ACC_0050943,cashout_agent,1
ACC_0051013,compromised,1
ACC_0051023,compromised,1
ACC_0051025,cashout_agent,1
ACC_0051032,compromised,1
ACC_0051057,layering_hub,1
ACC_0051092,recruited,1
ACC_0051103,recruited,1
ACC_0051134,cashout_agent,1
ACC_0051178,recruited,1
ACC_0051226,layering_hub,1
ACC_0051234,cashout_agent,1
ACC_0051241,cashout_agent,1
ACC_0051264,compromised,1
ACC_0051297,cashout_agent,1
ACC_0051315,layering_hub,1
ACC_0051384,layering_hub,1
ACC_0051390,layering_hub,1
ACC_0051428,compromised,1
ACC_0051524,layering_hub,1
ACC_0051535,recruited,1
ACC_0051599,cashout_agent,1
ACC_0051649,compromised,1
ACC_0051726,recruited,1
ACC_0051740,compromised,1
ACC_0051769,cashout_agent,1
ACC_0051776,cashout_agent,1
ACC_0051786,layering_hub,1
ACC_0051860,layering_hub,1
ACC_0051869,recruited,1
ACC_0051896,recruited,1
ACC_0051920,compromised,1
ACC_0051923,recruited,1
ACC_0051944,compromised,1
ACC_0051953,recruited,1
ACC_0051982,compromised,1
ACC_0051987,layering_hub,1
ACC_0051999,layering_hub,1
ACC_0052041,layering_hub,1
ACC_0052058,layering_hub,1
ACC_0052110,cashout_agent,1
ACC_0052176,layering_hub,1
ACC_0052187,compromised,1
ACC_0052229,layering_hub,1
ACC_0052232,cashout_agent,1
ACC_0052262,cashout_agent,1
ACC_0052268,compromised,1
ACC_0052281,layering_hub,1
ACC_0052314,cashout_agent,1
ACC_0052320,recruited,1
ACC_0052325,compromised,1
ACC_0052394,layering_hub,1
ACC_0052422,cashout_agent,1
ACC_0052431,cashout_agent,1
ACC_0052434,layering_hub,1
ACC_0052488,layering_hub,1
ACC_0052494,layering_hub,1
ACC_0052499,recruited,1
ACC_0052540,recruited,1
ACC_0052612,recruited,1
ACC_0052672,recruited,1
ACC_0052711,compromised,1
ACC_0052799,cashout_agent,1
ACC_0052817,cashout_agent,1
ACC_0052829,layering_hub,1
ACC_0052876,layering_hub,1
ACC_0052894,recruited,1
ACC_0052902,cashout_agent,1
ACC_0052908,cashout_agent,1
ACC_0052916,compromised,1
ACC_0052932,compromised,1
ACC_0052934,compromised,1
ACC_0052969,cashout_agent,1
ACC_0052978,recruited,1
ACC_0052988,layering_hub,1
ACC_0052992,cashout_agent,1
ACC_0053042,recruited,1
ACC_0053117,layering_hub,1
ACC_0053131,recruited,1
ACC_0053148,compromised,1
ACC_0053156,recruited,1
ACC_0053178,cashout_agent,1
ACC_0053194,cashout_agent,1
ACC_0053209,recruited,1
ACC_0053212,layering_hub,1
ACC_0053220,cashout_agent,1
ACC_0053284,recruited,1
ACC_0053298,layering_hub,1
ACC_0053316,cashout_agent,1
ACC_0053342,layering_hub,1
ACC_0053367,compromised,1
ACC_0053368,compromised,1
ACC_0053374,recruited,1
ACC_0053447,recruited,1
ACC_0053497,cashout_agent,1
ACC_0053512,recruited,1
ACC_0053516,cashout_agent,1
ACC_0053658,layering_hub,1
ACC_0053697,recruited,1
ACC_0053844,cashout_agent,1
ACC_0053854,layering_hub,1
ACC_0053870,cashout_agent,1
ACC_0053893,recruited,1
ACC_0053960,cashout_agent,1
ACC_0054060,layering_hub,1
ACC_0054117,recruited,1
ACC_0054121,layering_hub,1
ACC_0054126,layering_hub,1
ACC_0054143,compromised,1
ACC_0054159,compromised,1
ACC_0054210,compromised,1
ACC_0054219,compromised,1
ACC_0054223,layering_hub,1
ACC_0054235,recruited,1
ACC_0054298,compromised,1
ACC_0054303,layering_hub,1
ACC_0054306,compromised,1
ACC_0054319,recruited,1
ACC_0054337,layering_hub,1
ACC_0054344,layering_hub,1
ACC_0054356,layering_hub,1
ACC_0054381,layering_hub,1
ACC_0054398,compromised,1
ACC_0054507,layering_hub,1
ACC_0054528,compromised,1
ACC_0054534,recruited,1
ACC_0054557,recruited,1
ACC_0054591,compromised,1
ACC_0054631,compromised,1
ACC_0054674,layering_hub,1
ACC_0054690,layering_hub,1
ACC_0054692,compromised,1
ACC_0054701,compromised,1
ACC_0054729,recruited,1
ACC_0054762,cashout_agent,1
ACC_0054837,recruited,1
ACC_0054840,cashout_agent,1
ACC_0054859,compromised,1
ACC_0054869,layering_hub,1
ACC_0054910,recruited,1
ACC_0054922,cashout_agent,1
ACC_0054939,compromised,1
ACC_0054967,compromised,1
ACC_0054981,compromised,1
ACC_0055009,compromised,1
ACC_0055036,recruited,1
ACC_0055078,recruited,1
ACC_0055083,cashout_agent,1
ACC_0055132,layering_hub,1
ACC_0055147,recruited,1
ACC_0055160,compromised,1
ACC_0055184,compromised,1
ACC_0055189,layering_hub,1
ACC_0055214,layering_hub,1
ACC_0055215,compromised,1
ACC_0055225,recruited,1
ACC_0055235,recruited,1
ACC_0055253,cashout_agent,1
ACC_0055296,recruited,1
ACC_0055353,recruited,1
ACC_0055381,compromised,1
ACC_0055395,recruited,1
ACC_0055426,compromised,1
ACC_0055507,compromised,1
ACC_0055510,cashout_agent,1
ACC_0055547,recruited,1
ACC_0055559,layering_hub,1
ACC_0055587,cashout_agent,1
ACC_0055600,recruited,1
ACC_0055617,recruited,1
ACC_0055625,compromised,1
ACC_0055688,compromised,1
ACC_0055782,cashout_agent,1
ACC_0055784,recruited,1
ACC_0055826,compromised,1
ACC_0055846,layering_hub,1
ACC_0055883,cashout_agent,1
ACC_0055913,cashout_agent,1
ACC_0055928,compromised,1
ACC_0055976,compromised,1
ACC_0055995,cashout_agent,1
ACC_0056005,compromised,1
ACC_0056042,recruited,1
ACC_0056043,cashout_agent,1
ACC_0056086,recruited,1
ACC_0056100,compromised,1
ACC_0056107,compromised,1
ACC_0056136,layering_hub,1
ACC_0056186,recruited,1
ACC_0056200,layering_hub,1
ACC_0056268,layering_hub,1
ACC_0056333,recruited,1
ACC_0056350,layering_hub,1
ACC_0056404,recruited,1
ACC_0056483,layering_hub,1
ACC_0056495,compromised,1
ACC_0056508,cashout_agent,1
ACC_0056517,compromised,1
ACC_0056534,compromised,1
ACC_0056557,layering_hub,1
ACC_0056565,compromised,1
ACC_0056584,layering_hub,1
ACC_0056626,compromised,1
ACC_0056641,recruited,1
ACC_0056655,layering_hub,1
ACC_0056674,layering_hub,1
ACC_0056754,layering_hub,1
ACC_0056781,cashout_agent,1
ACC_0056871,compromised,1
ACC_0056969,recruited,1
ACC_0056984,layering_hub,1
ACC_0056997,recruited,1
ACC_0057069,compromised,1
ACC_0057098,cashout_agent,1
ACC_0057119,recruited,1
ACC_0057146,cashout_agent,1
ACC_0057162,recruited,1
ACC_0057172,recruited,1
ACC_0057196,layering_hub,1
ACC_0057205,compromised,1
ACC_0057274,cashout_agent,1
ACC_0057309,recruited,1
ACC_0057312,compromised,1
ACC_0057373,cashout_agent,1
ACC_0057376,recruited,1
ACC_0057378,cashout_agent,1
ACC_0057397,compromised,1
ACC_0057409,compromised,1
ACC_0057418,layering_hub,1
ACC_0057497,layering_hub,1
ACC_0057529,cashout_agent,1
ACC_0057534,cashout_agent,1
ACC_0057573,cashout_agent,1
ACC_0057584,recruited,1
ACC_0057615,layering_hub,1
ACC_0057623,recruited,1
ACC_0057626,recruited,1
ACC_0057652,compromised,1
ACC_0057658,cashout_agent,1
ACC_0057710,compromised,1
ACC_0057715,recruited,1
ACC_0057732,recruited,1
ACC_0057744,cashout_agent,1
ACC_0057755,cashout_agent,1
ACC_0057848,recruited,1
ACC_0057849,recruited,1
ACC_0057899,layering_hub,1
ACC_0057966,recruited,1
ACC_0057972,recruited,1
ACC_0058030,compromised,1
ACC_0058033,recruited,1
ACC_0058035,cashout_agent,1
ACC_0058139,recruited,1
ACC_0058142,recruited,1
ACC_0058143,layering_hub,1
ACC_0058147,compromised,1
ACC_0058148,cashout_agent,1
ACC_0058171,cashout_agent,1
ACC_0058212,layering_hub,1
ACC_0058224,cashout_agent,1
ACC_0058244,compromised,1
ACC_0058267,layering_hub,1
ACC_0058270,recruited,1
ACC_0058272,compromised,1
ACC_0058306,recruited,1
ACC_0058314,recruited,1
ACC_0058360,cashout_agent,1
ACC_0058372,compromised,1
ACC_0058451,compromised,1
ACC_0058480,cashout_agent,1
ACC_0058481,compromised,1
ACC_0058492,compromised,1
ACC_0058501,cashout_agent,1
ACC_0058539,recruited,1
ACC_0058561,compromised,1
ACC_0058599,layering_hub,1
ACC_0058682,recruited,1
ACC_0058712,cashout_agent,1
ACC_0058759,cashout_agent,1
ACC_0058823,compromised,1
ACC_0058857,compromised,1
ACC_0058914,compromised,1
ACC_0058946,compromised,1
ACC_0058983,cashout_agent,1
ACC_0059038,recruited,1
ACC_0059070,layering_hub,1
ACC_0059092,cashout_agent,1
ACC_0059100,compromised,1
ACC_0059106,cashout_agent,1
ACC_0059181,layering_hub,1
ACC_0059308,compromised,1
ACC_0059367,layering_hub,1
ACC_0059428,compromised,1
ACC_0059433,compromised,1
ACC_0059434,compromised,1
ACC_0059447,layering_hub,1
ACC_0059492,compromised,1
ACC_0059500,compromised,1
ACC_0059525,compromised,1
ACC_0059574,cashout_agent,1
ACC_0059615,compromised,1
ACC_0059623,compromised,1
ACC_0059634,layering_hub,1
ACC_0059660,layering_hub,1
ACC_0059666,layering_hub,1
ACC_0059694,compromised,1
ACC_0059702,layering_hub,1
ACC_0059714,recruited,1
ACC_0059756,recruited,1
ACC_0059805,recruited,1
ACC_0059814,recruited,1
ACC_0059846,recruited,1
ACC_0059849,layering_hub,1
ACC_0059868,cashout_agent,1
ACC_0059885,recruited,1
ACC_0059953,recruited,1
ACC_0059966,layering_hub,1
ACC_0059974,compromised,1
ACC_0060017,layering_hub,1
ACC_0060021,layering_hub,1
ACC_0060027,cashout_agent,1
ACC_0060032,cashout_agent,1
ACC_0060043,cashout_agent,1
ACC_0060052,recruited,1
ACC_0060084,layering_hub,1
ACC_0060175,recruited,1
ACC_0060239,layering_hub,1
ACC_0060265,compromised,1
ACC_0060285,cashout_agent,1
ACC_0060365,layering_hub,1
ACC_0060382,recruited,1
ACC_0060438,recruited,1
ACC_0060465,compromised,1
ACC_0060477,compromised,1
ACC_0060524,cashout_agent,1
ACC_0060634,recruited,1
ACC_0060661,cashout_agent,1
ACC_0060683,recruited,1
ACC_0060693,cashout_agent,1
ACC_0060837,recruited,1
ACC_0060853,layering_hub,1
ACC_0060863,layering_hub,1
ACC_0060872,cashout_agent,1
ACC_0060919,cashout_agent,1
ACC_0060924,compromised,1
ACC_0060955,layering_hub,1
ACC_0060999,cashout_agent,1
ACC_0061042,layering_hub,1
ACC_0061061,cashout_agent,1
ACC_0061099,recruited,1
ACC_0061112,cashout_agent,1
ACC_0061218,compromised,1
ACC_0061248,cashout_agent,1
ACC_0061348,compromised,1
ACC_0061360,recruited,1
ACC_0061400,recruited,1
ACC_0061402,compromised,1
ACC_0061405,compromised,1
ACC_0061407,compromised,1
ACC_0061422,recruited,1
ACC_0061432,recruited,1
ACC_0061462,recruited,1
ACC_0061464,compromised,1
ACC_0061468,compromised,1
ACC_0061509,cashout_agent,1
ACC_0061512,layering_hub,1
ACC_0061526,cashout_agent,1
ACC_0061598,compromised,1
ACC_0061617,cashout_agent,1
ACC_0061667,layering_hub,1
ACC_0061678,compromised,1
ACC_0061732,layering_hub,1
ACC_0061734,compromised,1
ACC_0061741,cashout_agent,1
ACC_0061752,compromised,1
ACC_0061754,cashout_agent,1
ACC_0061799,compromised,1
ACC_0061803,cashout_agent,1
ACC_0061942,recruited,1
ACC_0061943,recruited,1
ACC_0061972,layering_hub,1
ACC_0062006,layering_hub,1
ACC_0062098,recruited,1
ACC_0062099,cashout_agent,1
ACC_0062112,cashout_agent,1
ACC_0062189,compromised,1
ACC_0062200,compromised,1
ACC_0062206,layering_hub,1
ACC_0062207,cashout_agent,1
ACC_0062216,compromised,1
ACC_0062236,layering_hub,1
ACC_0062244,cashout_agent,1
ACC_0062249,recruited,1
ACC_0062272,layering_hub,1
ACC_0062298,cashout_agent,1
ACC_0062326,layering_hub,1
ACC_0062349,layering_hub,1
ACC_0062388,cashout_agent,1
ACC_0062437,compromised,1
ACC_0062630,layering_hub,1
ACC_0062656,layering_hub,1
ACC_0062712,recruited,1
ACC_0062719,cashout_agent,1
ACC_0062720,compromised,1
ACC_0062722,compromised,1
ACC_0062726,layering_hub,1
ACC_0062731,recruited,1
ACC_0062751,compromised,1
ACC_0062753,compromised,1
ACC_0062774,recruited,1
ACC_0062779,compromised,1
ACC_0062790,layering_hub,1
ACC_0062795,cashout_agent,1
ACC_0062805,compromised,1
ACC_0062901,layering_hub,1
ACC_0062911,compromised,1
ACC_0062921,layering_hub,1
ACC_0062977,layering_hub,1
ACC_0063019,compromised,1
ACC_0063067,compromised,1
ACC_0063068,recruited,1
ACC_0063082,recruited,1
ACC_0063115,compromised,1
ACC_0063133,cashout_agent,1
ACC_0063171,recruited,1
ACC_0063176,compromised,1
ACC_0063194,cashout_agent,1
ACC_0063200,recruited,1
ACC_0063216,compromised,1
ACC_0063243,compromised,1
ACC_0063263,layering_hub,1
ACC_0063268,layering_hub,1
ACC_0063340,layering_hub,1
ACC_0063429,cashout_agent,1
ACC_0063460,recruited,1
ACC_0063499,layering_hub,1
ACC_0063525,layering_hub,1
ACC_0063541,cashout_agent,1
ACC_0063547,cashout_agent,1
ACC_0063581,cashout_agent,1
ACC_0063586,cashout_agent,1
ACC_0063743,cashout_agent,1
ACC_0063761,cashout_agent,1
ACC_0063769,recruited,1
ACC_0063782,compromised,1
ACC_0063783,recruited,1
ACC_0063785,recruited,1
ACC_0063795,recruited,1
ACC_0063796,layering_hub,1
ACC_0063806,layering_hub,1
ACC_0063813,recruited,1
ACC_0063919,recruited,1
ACC_0063922,recruited,1
ACC_0063925,cashout_agent,1
ACC_0063927,compromised,1
ACC_0063942,compromised,1
ACC_0063986,layering_hub,1
ACC_0064014,cashout_agent,1
ACC_0064051,cashout_agent,1
ACC_0064088,layering_hub,1
ACC_0064093,layering_hub,1
ACC_0064104,layering_hub,1
ACC_0064127,cashout_agent,1
ACC_0064154,recruited,1
ACC_0064194,layering_hub,1
ACC_0064211,compromised,1
ACC_0064238,recruited,1
ACC_0064302,recruited,1
ACC_0064443,recruited,1
ACC_0064459,compromised,1
ACC_0064489,cashout_agent,1
ACC_0064503,cashout_agent,1
ACC_0064588,recruited,1
ACC_0064598,recruited,1
ACC_0064769,layering_hub,1
ACC_0064771,layering_hub,1
ACC_0064786,recruited,1
ACC_0064886,layering_hub,1
ACC_0064938,layering_hub,1
ACC_0064954,layering_hub,1
ACC_0064988,compromised,1
ACC_0064999,recruited,1
ACC_0065064,compromised,1
ACC_0065069,layering_hub,1
ACC_0065122,compromised,1
ACC_0065163,cashout_agent,1
ACC_0065204,recruited,1
ACC_0065225,layering_hub,1
ACC_0065268,compromised,1
ACC_0065364,recruited,1
ACC_0065417,layering_hub,1
ACC_0065430,compromised,1
ACC_0065496,recruited,1
ACC_0065517,cashout_agent,1
ACC_0065552,recruited,1
ACC_0065567,cashout_agent,1
ACC_0065580,layering_hub,1
ACC_0065597,compromised,1
ACC_0065601,cashout_agent,1
ACC_0065602,cashout_agent,1
ACC_0065674,layering_hub,1
ACC_0065816,compromised,1
ACC_0065873,compromised,1
ACC_0065898,compromised,1
ACC_0065915,recruited,1
ACC_0065940,compromised,1
ACC_0065963,recruited,1
ACC_0065966,layering_hub,1
ACC_0065967,compromised,1
ACC_0065973,layering_hub,1
ACC_0066014,layering_hub,1
ACC_0066017,layering_hub,1
ACC_0066040,recruited,1
ACC_0066045,layering_hub,1
ACC_0066074,recruited,1
ACC_0066197,recruited,1
ACC_0066207,layering_hub,1
ACC_0066214,cashout_agent,1
ACC_0066218,layering_hub,1
ACC_0066230,cashout_agent,1
ACC_0066235,recruited,1
ACC_0066313,cashout_agent,1
ACC_0066314,layering_hub,1
ACC_0066328,recruited,1
ACC_0066347,layering_hub,1
ACC_0066369,recruited,1
ACC_0066456,recruited,1
ACC_0066470,cashout_agent,1
ACC_0066479,layering_hub,1
ACC_0066520,layering_hub,1
ACC_0066523,layering_hub,1
ACC_0066529,layering_hub,1
ACC_0066538,compromised,1
ACC_0066598,cashout_agent,1
ACC_0066612,layering_hub,1
ACC_0066614,cashout_agent,1
ACC_0066626,compromised,1
ACC_0066636,cashout_agent,1
ACC_0066755,compromised,1
ACC_0066771,compromised,1
ACC_0066802,compromised,1
ACC_0066808,layering_hub,1
ACC_0066842,compromised,1
ACC_0066872,recruited,1
ACC_0066879,compromised,1
ACC_0066943,cashout_agent,1
ACC_0066946,recruited,1
ACC_0066959,recruited,1
ACC_0066988,layering_hub,1
ACC_0067009,compromised,1
ACC_0067045,compromised,1
ACC_0067058,layering_hub,1
ACC_0067078,cashout_agent,1
ACC_0067105,recruited,1
ACC_0067114,compromised,1
ACC_0067182,cashout_agent,1
ACC_0067200,recruited,1
ACC_0067201,compromised,1
ACC_0067204,cashout_agent,1
ACC_0067242,recruited,1
ACC_0067285,recruited,1
ACC_0067299,cashout_agent,1
ACC_0067377,cashout_agent,1
ACC_0067403,compromised,1
ACC_0067440,recruited,1
ACC_0067492,recruited,1
ACC_0067500,cashout_agent,1
ACC_0067517,layering_hub,1
ACC_0067569,compromised,1
ACC_0067575,recruited,1
ACC_0067649,cashout_agent,1
ACC_0067655,recruited,1
ACC_0067708,layering_hub,1
ACC_0067709,layering_hub,1
ACC_0067734,layering_hub,1
ACC_0067777,recruited,1
ACC_0067794,compromised,1
ACC_0067840,recruited,1
ACC_0067842,cashout_agent,1
ACC_0067938,cashout_agent,1
ACC_0067948,layering_hub,1
ACC_0067958,layering_hub,1
ACC_0067961,cashout_agent,1
ACC_0067968,recruited,1
ACC_0068033,compromised,1
ACC_0068161,recruited,1
ACC_0068217,compromised,1
ACC_0068262,cashout_agent,1
ACC_0068278,compromised,1
ACC_0068284,layering_hub,1
ACC_0068300,recruited,1
ACC_0068318,layering_hub,1
ACC_0068362,layering_hub,1
ACC_0068378,layering_hub,1
ACC_0068432,layering_hub,1
ACC_0068439,recruited,1
ACC_0068451,compromised,1
ACC_0068502,layering_hub,1
ACC_0068542,compromised,1
ACC_0068604,cashout_agent,1
ACC_0068622,cashout_agent,1
ACC_0068689,compromised,1
ACC_0068780,cashout_agent,1
ACC_0068783,cashout_agent,1
ACC_0068800,compromised,1
ACC_0068805,layering_hub,1
ACC_0068812,layering_hub,1
ACC_0068846,cashout_agent,1
ACC_0068861,cashout_agent,1
ACC_0068880,compromised,1
ACC_0068884,compromised,1
ACC_0068890,compromised,1
ACC_0068904,cashout_agent,1
ACC_0068951,recruited,1
ACC_0068952,layering_hub,1
ACC_0068962,compromised,1
ACC_0068974,compromised,1
ACC_0068978,cashout_agent,1
ACC_0068986,compromised,1
ACC_0069023,compromised,1
ACC_0069055,recruited,1
ACC_0069096,recruited,1
ACC_0069105,compromised,1
ACC_0069155,compromised,1
ACC_0069231,compromised,1
ACC_0069253,layering_hub,1
ACC_0069316,compromised,1
ACC_0069333,layering_hub,1
ACC_0069350,cashout_agent,1
ACC_0069383,compromised,1
ACC_0069432,cashout_agent,1
ACC_0069440,layering_hub,1
ACC_0069458,compromised,1
ACC_0069502,cashout_agent,1
ACC_0069592,compromised,1
ACC_0069595,layering_hub,1
ACC_0069627,cashout_agent,1
ACC_0069704,cashout_agent,1
ACC_0069705,cashout_agent,1
ACC_0069722,layering_hub,1
ACC_0069794,layering_hub,1
ACC_0069811,compromised,1
ACC_0069813,compromised,1
ACC_0069836,compromised,1
ACC_0069868,cashout_agent,1
ACC_0069881,recruited,1
ACC_0069888,recruited,1
ACC_0069889,recruited,1
ACC_0069959,recruited,1
ACC_0069983,compromised,1
ACC_0070051,layering_hub,1
ACC_0070053,recruited,1
ACC_0070084,cashout_agent,1
ACC_0070107,cashout_agent,1
ACC_0070108,recruited,1
ACC_0070130,layering_hub,1
ACC_0070202,compromised,1
ACC_0070206,compromised,1
ACC_0070248,layering_hub,1
ACC_0070270,compromised,1
ACC_0070282,compromised,1
ACC_0070312,compromised,1
ACC_0070336,cashout_agent,1
ACC_0070344,layering_hub,1
ACC_0070396,recruited,1
ACC_0070404,layering_hub,1
ACC_0070439,recruited,1
ACC_0070456,recruited,1
ACC_0070464,cashout_agent,1
ACC_0070479,cashout_agent,1
ACC_0070506,recruited,1
ACC_0070512,compromised,1
ACC_0070520,cashout_agent,1
ACC_0070579,layering_hub,1
ACC_0070674,layering_hub,1
ACC_0070676,recruited,1
ACC_0070694,recruited,1
ACC_0070762,compromised,1
ACC_0070770,layering_hub,1
ACC_0070820,recruited,1
ACC_0070823,layering_hub,1
ACC_0070872,recruited,1
ACC_0070881,recruited,1
ACC_0070890,layering_hub,1
ACC_0070898,recruited,1
ACC_0070921,recruited,1
ACC_0070988,recruited,1
ACC_0070999,layering_hub,1
ACC_0071050,layering_hub,1
ACC_0071063,recruited,1
ACC_0071072,recruited,1
ACC_0071091,recruited,1
ACC_0071095,cashout_agent,1
ACC_0071152,recruited,1
ACC_0071156,recruited,1
ACC_0071274,recruited,1
ACC_0071298,layering_hub,1
ACC_0071307,compromised,1
ACC_0071321,compromised,1
ACC_0071334,compromised,1
ACC_0071337,recruited,1
ACC_0071364,layering_hub,1
ACC_0071390,layering_hub,1
ACC_0071392,recruited,1
ACC_0071409,layering_hub,1
ACC_0071440,cashout_agent,1
ACC_0071458,cashout_agent,1
ACC_0071461,recruited,1
ACC_0071491,recruited,1
ACC_0071509,layering_hub,1
ACC_0071510,compromised,1
ACC_0071512,layering_hub,1
ACC_0071531,cashout_agent,1
ACC_0071614,recruited,1
ACC_0071736,compromised,1
ACC_0071749,cashout_agent,1
ACC_0071783,compromised,1
ACC_0071786,compromised,1
ACC_0071798,cashout_agent,1
ACC_0071800,recruited,1
ACC_0071827,cashout_agent,1
ACC_0071853,compromised,1
ACC_0071854,recruited,1
ACC_0071880,compromised,1
ACC_0071885,recruited,1
ACC_0071901,cashout_agent,1
ACC_0071938,compromised,1
ACC_0071977,recruited,1
ACC_0072065,recruited,1
ACC_0072077,recruited,1
ACC_0072102,layering_hub,1
ACC_0072146,cashout_agent,1
ACC_0072154,cashout_agent,1
ACC_0072155,cashout_agent,1
ACC_0072184,compromised,1
ACC_0072209,recruited,1
ACC_0072217,cashout_agent,1
ACC_0072222,cashout_agent,1
ACC_0072223,cashout_agent,1
ACC_0072233,recruited,1
ACC_0072287,recruited,1
ACC_0072342,compromised,1
ACC_0072358,layering_hub,1
ACC_0072385,compromised,1
ACC_0072394,layering_hub,1
ACC_0072398,recruited,1
ACC_0072424,compromised,1
ACC_0072446,cashout_agent,1
ACC_0072510,layering_hub,1
ACC_0072513,cashout_agent,1
ACC_0072545,cashout_agent,1
ACC_0072568,layering_hub,1
ACC_0072572,recruited,1
ACC_0072591,recruited,1
ACC_0072630,recruited,1
ACC_0072631,cashout_agent,1
ACC_0072720,recruited,1
ACC_0072733,compromised,1
ACC_0072761,cashout_agent,1
ACC_0072779,layering_hub,1
ACC_0072811,recruited,1
ACC_0072867,compromised,1
ACC_0072880,recruited,1
ACC_0072900,layering_hub,1
ACC_0072905,recruited,1
ACC_0072929,recruited,1
ACC_0072933,compromised,1
ACC_0072985,layering_hub,1
ACC_0072986,recruited,1
ACC_0072988,cashout_agent,1
ACC_0073081,layering_hub,1
ACC_0073108,cashout_agent,1
ACC_0073112,layering_hub,1
ACC_0073122,cashout_agent,1
ACC_0073141,layering_hub,1
ACC_0073144,cashout_agent,1
ACC_0073181,compromised,1
ACC_0073218,layering_hub,1
ACC_0073227,compromised,1
ACC_0073237,compromised,1
ACC_0073256,layering_hub,1
ACC_0073260,cashout_agent,1
ACC_0073298,cashout_agent,1
ACC_0073358,cashout_agent,1
ACC_0073363,layering_hub,1
ACC_0073374,layering_hub,1
ACC_0073406,recruited,1
ACC_0073413,layering_hub,1
ACC_0073481,recruited,1
ACC_0073495,recruited,1
ACC_0073554,layering_hub,1
ACC_0073560,recruited,1
ACC_0073593,layering_hub,1
ACC_0073620,compromised,1
ACC_0073629,cashout_agent,1
ACC_0073690,compromised,1
ACC_0073718,recruited,1
ACC_0073773,cashout_agent,1
ACC_0073796,compromised,1
ACC_0073800,recruited,1
ACC_0073803,compromised,1
ACC_0073809,layering_hub,1
ACC_0073828,cashout_agent,1
ACC_0073833,cashout_agent,1
ACC_0073840,cashout_agent,1
ACC_0073873,layering_hub,1
ACC_0073924,layering_hub,1
ACC_0073951,compromised,1
ACC_0073976,cashout_agent,1
ACC_0073995,layering_hub,1
ACC_0074077,cashout_agent,1
ACC_0074089,recruited,1
ACC_0074096,layering_hub,1
ACC_0074105,compromised,1
ACC_0074135,recruited,1
ACC_0074138,compromised,1
ACC_0074204,compromised,1
ACC_0074210,layering_hub,1
ACC_0074236,compromised,1
ACC_0074273,layering_hub,1
ACC_0074324,compromised,1
ACC_0074332,cashout_agent,1
ACC_0074380,layering_hub,1
ACC_0074401,cashout_agent,1
ACC_0074408,cashout_agent,1
ACC_0074411,layering_hub,1
ACC_0074415,cashout_agent,1
ACC_0074497,cashout_agent,1
ACC_0074579,recruited,1
ACC_0074584,compromised,1
ACC_0074678,layering_hub,1
ACC_0074743,compromised,1
ACC_0074760,layering_hub,1
ACC_0074764,recruited,1
ACC_0074784,layering_hub,1
ACC_0074810,recruited,1
ACC_0074920,recruited,1
ACC_0074931,cashout_agent,1
ACC_0074946,recruited,1
ACC_0074982,compromised,1
ACC_0074988,layering_hub,1
ACC_0075001,recruited,1
ACC_0075023,recruited,1
ACC_0075039,recruited,1
ACC_0075117,cashout_agent,1
ACC_0075124,cashout_agent,1
ACC_0075134,cashout_agent,1
ACC_0075169,compromised,1
ACC_0075191,compromised,1
ACC_0075258,recruited,1
ACC_0075277,cashout_agent,1
ACC_0075300,layering_hub,1
ACC_0075328,compromised,1
ACC_0075330,layering_hub,1
ACC_0075356,compromised,1
ACC_0075360,layering_hub,1
ACC_0075367,layering_hub,1
ACC_0075376,layering_hub,1
ACC_0075417,layering_hub,1
ACC_0075458,compromised,1
ACC_0075463,recruited,1
ACC_0075477,recruited,1
ACC_0075529,recruited,1
ACC_0075604,recruited,1
ACC_0075637,cashout_agent,1
ACC_0075672,compromised,1
ACC_0075677,compromised,1
ACC_0075682,cashout_agent,1
ACC_0075697,recruited,1
ACC_0075719,layering_hub,1
ACC_0075749,compromised,1
ACC_0075794,recruited,1
ACC_0075806,recruited,1
ACC_0075819,recruited,1
ACC_0075828,compromised,1
ACC_0075929,layering_hub,1
ACC_0075966,compromised,1
ACC_0075977,cashout_agent,1
ACC_0075984,compromised,1
ACC_0075990,recruited,1
ACC_0076047,recruited,1
ACC_0076063,recruited,1
ACC_0076130,recruited,1
ACC_0076141,compromised,1
ACC_0076142,compromised,1
ACC_0076182,layering_hub,1
ACC_0076216,recruited,1
ACC_0076225,compromised,1
ACC_0076239,recruited,1
ACC_0076250,compromised,1
ACC_0076337,cashout_agent,1
ACC_0076373,cashout_agent,1
ACC_0076393,compromised,1
ACC_0076416,layering_hub,1
ACC_0076454,recruited,1
ACC_0076468,recruited,1
ACC_0076516,recruited,1
ACC_0076532,compromised,1
ACC_0076625,cashout_agent,1
ACC_0076656,compromised,1
ACC_0076660,compromised,1
ACC_0076669,recruited,1
ACC_0076712,compromised,1
ACC_0076789,recruited,1
ACC_0076790,compromised,1
ACC_0076796,compromised,1
ACC_0076843,cashout_agent,1
ACC_0076872,layering_hub,1
ACC_0076891,cashout_agent,1
ACC_0076897,compromised,1
ACC_0076955,cashout_agent,1
ACC_0077114,compromised,1
ACC_0077178,layering_hub,1
ACC_0077235,layering_hub,1
ACC_0077241,layering_hub,1
ACC_0077250,compromised,1
ACC_0077252,layering_hub,1
ACC_0077265,recruited,1
ACC_0077274,recruited,1
ACC_0077296,recruited,1
ACC_0077300,cashout_agent,1
ACC_0077313,layering_hub,1
ACC_0077355,recruited,1
ACC_0077364,recruited,1
ACC_0077424,cashout_agent,1
ACC_0077454,cashout_agent,1
ACC_0077497,cashout_agent,1
ACC_0077498,layering_hub,1
ACC_0077544,compromised,1
ACC_0077562,layering_hub,1
ACC_0077582,recruited,1
ACC_0077697,cashout_agent,1
ACC_0077701,layering_hub,1
ACC_0077731,cashout_agent,1
ACC_0077748,compromised,1
ACC_0077781,compromised,1
ACC_0077785,compromised,1
ACC_0077788,recruited,1
ACC_0077871,layering_hub,1
ACC_0077928,compromised,1
ACC_0077930,layering_hub,1
ACC_0077949,compromised,1
ACC_0077982,recruited,1
ACC_0077998,cashout_agent,1
ACC_0078001,compromised,1
ACC_0078004,recruited,1
ACC_0078027,cashout_agent,1
ACC_0078032,cashout_agent,1
ACC_0078035,compromised,1
ACC_0078065,cashout_agent,1
ACC_0078142,cashout_agent,1
ACC_0078144,recruited,1
ACC_0078163,cashout_agent,1
ACC_0078174,recruited,1
ACC_0078203,layering_hub,1
ACC_0078227,recruited,1
ACC_0078258,layering_hub,1
ACC_0078269,compromised,1
ACC_0078287,cashout_agent,1
ACC_0078303,compromised,1
ACC_0078396,recruited,1
ACC_0078428,cashout_agent,1
ACC_0078471,cashout_agent,1
ACC_0078480,layering_hub,1
ACC_0078495,compromised,1
ACC_0078513,recruited,1
ACC_0078515,compromised,1
ACC_0078518,compromised,1
ACC_0078571,cashout_agent,1
ACC_0078643,layering_hub,1
ACC_0078662,recruited,1
ACC_0078677,layering_hub,1
ACC_0078708,compromised,1
ACC_0078712,cashout_agent,1
ACC_0078744,cashout_agent,1
ACC_0078754,recruited,1
ACC_0078760,layering_hub,1
ACC_0078761,recruited,1
ACC_0078771,layering_hub,1
ACC_0078797,recruited,1
ACC_0078823,recruited,1
ACC_0078860,layering_hub,1
ACC_0078920,recruited,1
ACC_0078934,recruited,1
ACC_0079005,recruited,1
ACC_0079049,layering_hub,1
ACC_0079050,recruited,1
ACC_0079071,compromised,1
ACC_0079074,compromised,1
ACC_0079116,recruited,1
ACC_0079118,layering_hub,1
ACC_0079131,recruited,1
ACC_0079146,compromised,1
ACC_0079195,recruited,1
ACC_0079238,recruited,1
ACC_0079276,recruited,1
ACC_0079281,recruited,1
ACC_0079302,cashout_agent,1
ACC_0079318,layering_hub,1
ACC_0079352,layering_hub,1
ACC_0079355,recruited,1
ACC_0079415,compromised,1
ACC_0079479,compromised,1
ACC_0079484,cashout_agent,1
ACC_0079571,cashout_agent,1
ACC_0079615,compromised,1
ACC_0079617,recruited,1
ACC_0079622,layering_hub,1
ACC_0079627,layering_hub,1
ACC_0079629,recruited,1
ACC_0079640,recruited,1
ACC_0079667,cashout_agent,1
ACC_0079687,layering_hub,1
ACC_0079740,recruited,1
ACC_0079755,cashout_agent,1
ACC_0079756,compromised,1
ACC_0079776,recruited,1
ACC_0079798,layering_hub,1
ACC_0079831,compromised,1
ACC_0079854,layering_hub,1
ACC_0079869,compromised,1
ACC_0079886,recruited,1
ACC_0079949,recruited,1
ACC_0079957,compromised,1
ACC_0079989,compromised,1
ACC_0079991,compromised,1
ACC_0080000,cashout_agent,1
ACC_0080057,recruited,1
ACC_0080073,cashout_agent,1
ACC_0080102,recruited,1
ACC_0080111,recruited,1
ACC_0080136,cashout_agent,1
ACC_0080150,recruited,1
ACC_0080197,recruited,1
ACC_0080215,recruited,1
ACC_0080223,recruited,1
ACC_0080291,compromised,1
ACC_0080305,recruited,1
ACC_0080368,layering_hub,1
ACC_0080392,layering_hub,1
ACC_0080418,recruited,1
ACC_0080419,compromised,1
ACC_0080427,cashout_agent,1
ACC_0080484,layering_hub,1
ACC_0080492,compromised,1
ACC_0080508,recruited,1
ACC_0080519,cashout_agent,1
ACC_0080529,recruited,1
ACC_0080534,recruited,1
ACC_0080535,recruited,1
ACC_0080539,layering_hub,1
ACC_0080550,recruited,1
ACC_0080600,cashout_agent,1
ACC_0080609,layering_hub,1
ACC_0080666,layering_hub,1
ACC_0080705,compromised,1
ACC_0080784,cashout_agent,1
ACC_0080801,layering_hub,1
ACC_0080802,recruited,1
ACC_0080810,compromised,1
ACC_0080831,recruited,1
ACC_0080834,layering_hub,1
ACC_0080837,layering_hub,1
ACC_0080877,cashout_agent,1
ACC_0080968,cashout_agent,1
ACC_0081016,cashout_agent,1
ACC_0081017,cashout_agent,1
ACC_0081055,layering_hub,1
ACC_0081064,compromised,1
ACC_0081070,recruited,1
ACC_0081072,layering_hub,1
ACC_0081085,compromised,1
ACC_0081123,compromised,1
ACC_0081136,layering_hub,1
ACC_0081142,layering_hub,1
ACC_0081147,layering_hub,1
ACC_0081153,layering_hub,1
ACC_0081212,recruited,1
ACC_0081223,recruited,1
ACC_0081299,compromised,1
ACC_0081355,recruited,1
ACC_0081413,layering_hub,1
ACC_0081422,cashout_agent,1
ACC_0081478,cashout_agent,1
ACC_0081514,layering_hub,1
ACC_0081521,recruited,1
ACC_0081528,recruited,1
ACC_0081563,compromised,1
ACC_0081593,recruited,1
ACC_0081597,cashout_agent,1
ACC_0081639,recruited,1
ACC_0081653,compromised,1
ACC_0081654,recruited,1
ACC_0081655,cashout_agent,1
ACC_0081660,compromised,1
ACC_0081680,compromised,1
ACC_0081707,compromised,1
ACC_0081711,compromised,1
ACC_0081728,recruited,1
ACC_0081757,cashout_agent,1
ACC_0081759,recruited,1
ACC_0081762,compromised,1
ACC_0081777,layering_hub,1
ACC_0081870,recruited,1
ACC_0081947,cashout_agent,1
ACC_0081978,layering_hub,1
ACC_0081996,cashout_agent,1
ACC_0081997,cashout_agent,1
ACC_0082015,cashout_agent,1
ACC_0082065,cashout_agent,1
ACC_0082075,cashout_agent,1
ACC_0082182,cashout_agent,1
ACC_0082247,compromised,1
ACC_0082305,compromised,1
ACC_0082331,layering_hub,1
ACC_0082332,layering_hub,1
ACC_0082358,recruited,1
ACC_0082420,compromised,1
ACC_0082429,compromised,1
ACC_0082443,cashout_agent,1
ACC_0082447,recruited,1
ACC_0082531,cashout_agent,1
ACC_0082539,layering_hub,1
ACC_0082545,compromised,1
ACC_0082570,layering_hub,1
ACC_0082611,cashout_agent,1
ACC_0082627,recruited,1
ACC_0082635,recruited,1
ACC_0082646,cashout_agent,1
ACC_0082672,recruited,1
ACC_0082756,compromised,1
ACC_0082771,recruited,1
ACC_0082802,cashout_agent,1
ACC_0082849,recruited,1
ACC_0082850,recruited,1
ACC_0082889,layering_hub,1
ACC_0082893,recruited,1
ACC_0083004,recruited,1
ACC_0083008,compromised,1
ACC_0083009,recruited,1
ACC_0083091,recruited,1
ACC_0083118,compromised,1
ACC_0083150,layering_hub,1
ACC_0083175,compromised,1
ACC_0083221,compromised,1
ACC_0083250,compromised,1
ACC_0083267,cashout_agent,1
ACC_0083282,layering_hub,1
ACC_0083296,compromised,1
ACC_0083304,cashout_agent,1
ACC_0083375,cashout_agent,1
ACC_0083376,layering_hub,1
ACC_0083419,compromised,1
ACC_0083459,recruited,1
ACC_0083516,layering_hub,1
ACC_0083578,recruited,1
ACC_0083607,cashout_agent,1
ACC_0083647,cashout_agent,1
ACC_0083671,recruited,1
ACC_0083699,recruited,1
ACC_0083702,cashout_agent,1
ACC_0083729,recruited,1
ACC_0083730,cashout_agent,1
ACC_0083768,recruited,1
ACC_0083821,layering_hub,1
ACC_0083881,recruited,1
ACC_0083887,layering_hub,1
ACC_0083973,recruited,1
ACC_0083976,layering_hub,1
ACC_0083990,cashout_agent,1
ACC_0083997,compromised,1
ACC_0083999,compromised,1
ACC_0084057,layering_hub,1
ACC_0084134,layering_hub,1
ACC_0084165,recruited,1
ACC_0084166,cashout_agent,1
ACC_0084175,recruited,1
ACC_0084179,compromised,1
ACC_0084187,cashout_agent,1
ACC_0084209,recruited,1
ACC_0084217,layering_hub,1
ACC_0084331,recruited,1
ACC_0084343,compromised,1
ACC_0084349,recruited,1
ACC_0084519,recruited,1
ACC_0084614,compromised,1
ACC_0084622,compromised,1
ACC_0084649,layering_hub,1
ACC_0084678,cashout_agent,1
ACC_0084683,recruited,1
ACC_0084710,compromised,1
ACC_0084739,cashout_agent,1
ACC_0084786,recruited,1
ACC_0084793,recruited,1
ACC_0084827,layering_hub,1
ACC_0084871,recruited,1
ACC_0084875,cashout_agent,1
ACC_0084910,compromised,1
ACC_0084915,cashout_agent,1
ACC_0084933,layering_hub,1
ACC_0084962,recruited,1
ACC_0084986,cashout_agent,1
ACC_0084998,cashout_agent,1
ACC_0085030,layering_hub,1
ACC_0085040,layering_hub,1
ACC_0085098,layering_hub,1
ACC_0085266,layering_hub,1
ACC_0085317,compromised,1
ACC_0085320,cashout_agent,1
ACC_0085352,recruited,1
ACC_0085367,compromised,1
ACC_0085381,layering_hub,1
ACC_0085401,compromised,1
ACC_0085478,compromised,1
ACC_0085486,compromised,1
ACC_0085501,recruited,1
ACC_0085509,compromised,1
ACC_0085548,layering_hub,1
ACC_0085554,recruited,1
ACC_0085586,recruited,1
ACC_0085604,compromised,1
ACC_0085654,compromised,1
ACC_0085674,recruited,1
ACC_0085692,compromised,1
ACC_0085696,cashout_agent,1
ACC_0085716,cashout_agent,1
ACC_0085791,cashout_agent,1
ACC_0085799,cashout_agent,1
ACC_0085807,recruited,1
ACC_0085808,cashout_agent,1
ACC_0085848,layering_hub,1
ACC_0085867,cashout_agent,1
ACC_0085873,compromised,1
ACC_0085889,compromised,1
ACC_0085898,compromised,1
ACC_0085905,layering_hub,1
ACC_0085926,recruited,1
ACC_0086082,recruited,1
ACC_0086173,recruited,1
ACC_0086196,layering_hub,1
ACC_0086237,recruited,1
ACC_0086264,compromised,1
ACC_0086268,compromised,1
ACC_0086326,recruited,1
ACC_0086353,layering_hub,1
ACC_0086369,compromised,1
ACC_0086397,cashout_agent,1
ACC_0086404,layering_hub,1
ACC_0086405,layering_hub,1
ACC_0086445,compromised,1
ACC_0086473,cashout_agent,1
ACC_0086519,cashout_agent,1
ACC_0086522,cashout_agent,1
ACC_0086580,layering_hub,1
ACC_0086628,cashout_agent,1
ACC_0086709,compromised,1
ACC_0086726,recruited,1
ACC_0086729,layering_hub,1
ACC_0086759,cashout_agent,1
ACC_0086798,recruited,1
ACC_0086827,compromised,1
ACC_0086857,layering_hub,1
ACC_0086862,cashout_agent,1
ACC_0086961,cashout_agent,1
ACC_0087045,cashout_agent,1
ACC_0087069,recruited,1
ACC_0087090,recruited,1
ACC_0087145,recruited,1
ACC_0087155,compromised,1
ACC_0087223,recruited,1
ACC_0087261,recruited,1
ACC_0087267,recruited,1
ACC_0087274,layering_hub,1
ACC_0087315,recruited,1
ACC_0087316,layering_hub,1
ACC_0087342,compromised,1
ACC_0087506,cashout_agent,1
ACC_0087602,compromised,1
ACC_0087622,compromised,1
ACC_0087639,recruited,1
ACC_0087688,cashout_agent,1
ACC_0087700,recruited,1
ACC_0087707,layering_hub,1
ACC_0087730,cashout_agent,1
ACC_0087765,recruited,1
ACC_0087803,layering_hub,1
ACC_0087848,compromised,1
ACC_0087879,cashout_agent,1
ACC_0087897,compromised,1
ACC_0087922,compromised,1
ACC_0087982,recruited,1
ACC_0087998,recruited,1
ACC_0088032,layering_hub,1
ACC_0088054,layering_hub,1
ACC_0088071,recruited,1
ACC_0088072,recruited,1
ACC_0088091,cashout_agent,1
ACC_0088105,recruited,1
ACC_0088108,cashout_agent,1
ACC_0088131,layering_hub,1
ACC_0088160,cashout_agent,1
ACC_0088165,layering_hub,1
ACC_0088177,cashout_agent,1
ACC_0088214,layering_hub,1
ACC_0088256,layering_hub,1
ACC_0088324,recruited,1
ACC_0088328,cashout_agent,1
ACC_0088342,compromised,1
ACC_0088348,recruited,1
ACC_0088386,layering_hub,1
ACC_0088387,compromised,1
ACC_0088419,cashout_agent,1
ACC_0088552,layering_hub,1
ACC_0088557,compromised,1
ACC_0088563,recruited,1
ACC_0088578,recruited,1
ACC_0088650,layering_hub,1
ACC_0088728,cashout_agent,1
ACC_0088757,recruited,1
ACC_0088758,recruited,1
ACC_0088764,layering_hub,1
ACC_0088775,layering_hub,1
ACC_0088854,recruited,1
ACC_0088864,compromised,1
ACC_0088878,compromised,1
ACC_0088899,recruited,1
ACC_0088901,recruited,1
ACC_0088914,layering_hub,1
ACC_0088922,compromised,1
ACC_0088924,cashout_agent,1
ACC_0088952,compromised,1
ACC_0088970,layering_hub,1
ACC_0089108,cashout_agent,1
ACC_0089153,layering_hub,1
ACC_0089230,recruited,1
ACC_0089247,cashout_agent,1
ACC_0089280,cashout_agent,1
ACC_0089333,layering_hub,1
ACC_0089357,recruited,1
ACC_0089384,recruited,1
ACC_0089399,compromised,1
ACC_0089576,compromised,1
ACC_0089608,compromised,1
ACC_0089612,layering_hub,1
ACC_0089673,recruited,1
ACC_0089714,compromised,1
ACC_0089738,compromised,1
ACC_0089809,layering_hub,1
ACC_0089837,layering_hub,1
ACC_0089845,cashout_agent,1
ACC_0089864,recruited,1
ACC_0089878,compromised,1
ACC_0089888,compromised,1
ACC_0089907,compromised,1
ACC_0089909,layering_hub,1
ACC_0089924,compromised,1
ACC_0089983,compromised,1
ACC_0090004,cashout_agent,1
ACC_0090012,cashout_agent,1
ACC_0090047,layering_hub,1
ACC_0090059,cashout_agent,1
ACC_0090071,layering_hub,1
ACC_0090118,recruited,1
ACC_0090157,cashout_agent,1
ACC_0090189,recruited,1
ACC_0090229,recruited,1
ACC_0090230,compromised,1
ACC_0090255,cashout_agent,1
ACC_0090267,cashout_agent,1
ACC_0090280,layering_hub,1
ACC_0090288,recruited,1
ACC_0090326,layering_hub,1
ACC_0090334,recruited,1
ACC_0090342,compromised,1
ACC_0090352,recruited,1
ACC_0090370,recruited,1
ACC_0090410,recruited,1
ACC_0090432,compromised,1
ACC_0090494,layering_hub,1
ACC_0090507,recruited,1
ACC_0090516,layering_hub,1
ACC_0090573,compromised,1
ACC_0090582,layering_hub,1
ACC_0090584,layering_hub,1
ACC_0090610,compromised,1
ACC_0090622,recruited,1
ACC_0090644,cashout_agent,1
ACC_0090648,layering_hub,1
ACC_0090700,compromised,1
ACC_0090788,recruited,1
ACC_0090795,cashout_agent,1
ACC_0090804,recruited,1
ACC_0090806,recruited,1
ACC_0090808,cashout_agent,1
ACC_0090849,recruited,1
ACC_0090864,layering_hub,1
ACC_0090878,layering_hub,1
ACC_0090902,recruited,1
ACC_0090936,cashout_agent,1
ACC_0090943,layering_hub,1
ACC_0090962,recruited,1
ACC_0090973,cashout_agent,1
ACC_0090989,layering_hub,1
ACC_0091043,compromised,1
ACC_0091132,cashout_agent,1
ACC_0091157,recruited,1
ACC_0091183,recruited,1
ACC_0091190,cashout_agent,1
ACC_0091210,cashout_agent,1
ACC_0091234,layering_hub,1
ACC_0091252,recruited,1
ACC_0091254,layering_hub,1
ACC_0091258,compromised,1
ACC_0091286,layering_hub,1
ACC_0091314,recruited,1
ACC_0091367,layering_hub,1
ACC_0091424,layering_hub,1
ACC_0091431,layering_hub,1
ACC_0091449,cashout_agent,1
ACC_0091453,compromised,1
ACC_0091458,compromised,1
ACC_0091492,layering_hub,1
ACC_0091497,compromised,1
ACC_0091513,recruited,1
ACC_0091530,compromised,1
ACC_0091541,recruited,1
ACC_0091660,layering_hub,1
ACC_0091674,layering_hub,1
ACC_0091711,cashout_agent,1
ACC_0091723,compromised,1
ACC_0091738,recruited,1
ACC_0091786,layering_hub,1
ACC_0091807,recruited,1
ACC_0091830,cashout_agent,1
ACC_0091836,layering_hub,1
ACC_0091838,layering_hub,1
ACC_0091901,compromised,1
ACC_0091919,layering_hub,1
ACC_0091932,cashout_agent,1
ACC_0091936,recruited,1
ACC_0091938,compromised,1
ACC_0091953,recruited,1
ACC_0091957,layering_hub,1
ACC_0091958,recruited,1
ACC_0091981,recruited,1
ACC_0092054,compromised,1
ACC_0092080,layering_hub,1
ACC_0092120,cashout_agent,1
ACC_0092132,cashout_agent,1
ACC_0092181,layering_hub,1
ACC_0092260,cashout_agent,1
ACC_0092267,compromised,1
ACC_0092279,recruited,1
ACC_0092330,compromised,1
ACC_0092334,recruited,1
ACC_0092380,recruited,1
ACC_0092391,recruited,1
ACC_0092406,cashout_agent,1
ACC_0092413,recruited,1
ACC_0092505,layering_hub,1
ACC_0092532,layering_hub,1
ACC_0092541,layering_hub,1
ACC_0092548,recruited,1
ACC_0092582,cashout_agent,1
ACC_0092648,compromised,1
ACC_0092669,compromised,1
ACC_0092688,cashout_agent,1
ACC_0092689,layering_hub,1
ACC_0092701,cashout_agent,1
ACC_0092727,recruited,1
ACC_0092760,layering_hub,1
ACC_0092798,compromised,1
ACC_0092804,cashout_agent,1
ACC_0092814,recruited,1
ACC_0092847,cashout_agent,1
ACC_0092915,cashout_agent,1
ACC_0092944,layering_hub,1
ACC_0092980,compromised,1
ACC_0093014,cashout_agent,1
ACC_0093038,cashout_agent,1
ACC_0093086,recruited,1
ACC_0093114,layering_hub,1
ACC_0093125,cashout_agent,1
ACC_0093278,compromised,1
ACC_0093301,layering_hub,1
ACC_0093308,layering_hub,1
ACC_0093317,recruited,1
ACC_0093320,compromised,1
ACC_0093323,recruited,1
ACC_0093348,layering_hub,1
ACC_0093351,recruited,1
ACC_0093434,recruited,1
ACC_0093441,layering_hub,1
ACC_0093465,recruited,1
ACC_0093471,layering_hub,1
ACC_0093493,compromised,1
ACC_0093500,compromised,1
ACC_0093510,layering_hub,1
ACC_0093573,cashout_agent,1
ACC_0093598,cashout_agent,1
ACC_0093615,layering_hub,1
ACC_0093633,recruited,1
ACC_0093668,cashout_agent,1
ACC_0093669,compromised,1
ACC_0093674,cashout_agent,1
ACC_0093702,compromised,1
ACC_0093705,recruited,1
ACC_0093717,cashout_agent,1
ACC_0093781,layering_hub,1
ACC_0093874,compromised,1
ACC_0093906,compromised,1
ACC_0093907,cashout_agent,1
ACC_0093939,cashout_agent,1
ACC_0093947,layering_hub,1
ACC_0093950,layering_hub,1
ACC_0093959,cashout_agent,1
ACC_0093995,cashout_agent,1
ACC_0094061,layering_hub,1
ACC_0094121,cashout_agent,1
ACC_0094123,layering_hub,1
ACC_0094190,cashout_agent,1
ACC_0094208,layering_hub,1
ACC_0094351,recruited,1
ACC_0094409,compromised,1
ACC_0094411,layering_hub,1
ACC_0094457,cashout_agent,1
ACC_0094477,layering_hub,1
ACC_0094482,recruited,1
ACC_0094516,compromised,1
ACC_0094539,compromised,1
ACC_0094545,recruited,1
ACC_0094564,recruited,1
ACC_0094577,layering_hub,1
ACC_0094611,recruited,1
ACC_0094612,layering_hub,1
ACC_0094617,recruited,1
ACC_0094632,layering_hub,1
ACC_0094663,compromised,1
ACC_0094664,cashout_agent,1
ACC_0094715,cashout_agent,1
ACC_0094799,compromised,1
ACC_0094805,layering_hub,1
ACC_0094838,recruited,1
ACC_0094856,compromised,1
ACC_0094896,recruited,1
ACC_0094958,layering_hub,1
ACC_0094959,layering_hub,1
ACC_0094968,recruited,1
ACC_0095025,layering_hub,1
ACC_0095116,compromised,1
ACC_0095156,compromised,1
ACC_0095188,cashout_agent,1
ACC_0095232,cashout_agent,1
ACC_0095244,recruited,1
ACC_0095316,recruited,1
ACC_0095338,layering_hub,1
ACC_0095384,layering_hub,1
ACC_0095387,compromised,1
ACC_0095492,cashout_agent,1
ACC_0095512,layering_hub,1
ACC_0095549,cashout_agent,1
ACC_0095604,layering_hub,1
ACC_0095622,recruited,1
ACC_0095623,recruited,1
ACC_0095629,cashout_agent,1
ACC_0095671,layering_hub,1
ACC_0095688,recruited,1
ACC_0095775,recruited,1
ACC_0095817,compromised,1
ACC_0095832,recruited,1
ACC_0095877,layering_hub,1
ACC_0095891,layering_hub,1
ACC_0095913,compromised,1
ACC_0095927,cashout_agent,1
ACC_0095979,cashout_agent,1
ACC_0096018,recruited,1
ACC_0096027,cashout_agent,1
ACC_0096144,layering_hub,1
ACC_0096163,recruited,1
ACC_0096212,cashout_agent,1
ACC_0096242,compromised,1
ACC_0096326,layering_hub,1
ACC_0096406,compromised,1
ACC_0096412,layering_hub,1
ACC_0096413,layering_hub,1
ACC_0096520,layering_hub,1
ACC_0096553,layering_hub,1
ACC_0096560,compromised,1
ACC_0096565,recruited,1
ACC_0096590,layering_hub,1
ACC_0096598,cashout_agent,1
ACC_0096618,cashout_agent,1
ACC_0096622,layering_hub,1
ACC_0096642,compromised,1
ACC_0096649,layering_hub,1
ACC_0096745,compromised,1
ACC_0096752,cashout_agent,1
ACC_0096777,compromised,1
ACC_0096782,recruited,1
ACC_0096793,layering_hub,1
ACC_0096831,cashout_agent,1
ACC_0096834,compromised,1
ACC_0096845,recruited,1
ACC_0096870,cashout_agent,1
ACC_0096875,layering_hub,1
ACC_0096914,recruited,1
ACC_0096917,recruited,1
ACC_0096958,layering_hub,1
ACC_0096977,layering_hub,1
ACC_0096991,compromised,1
ACC_0097001,layering_hub,1
ACC_0097041,recruited,1
ACC_0097079,cashout_agent,1
ACC_0097080,compromised,1
ACC_0097107,cashout_agent,1
ACC_0097112,recruited,1
ACC_0097122,compromised,1
ACC_0097148,compromised,1
ACC_0097173,recruited,1
ACC_0097206,layering_hub,1
ACC_0097246,cashout_agent,1
ACC_0097261,compromised,1
ACC_0097273,recruited,1
ACC_0097301,cashout_agent,1
ACC_0097324,layering_hub,1
ACC_0097333,layering_hub,1
ACC_0097348,compromised,1
ACC_0097378,cashout_agent,1
ACC_0097392,recruited,1
ACC_0097415,recruited,1
ACC_0097426,cashout_agent,1
ACC_0097432,cashout_agent,1
ACC_0097468,cashout_agent,1
ACC_0097469,compromised,1
ACC_0097482,compromised,1
ACC_0097488,layering_hub,1
ACC_0097510,cashout_agent,1
ACC_0097544,compromised,1
ACC_0097600,layering_hub,1
ACC_0097630,compromised,1
ACC_0097693,compromised,1
ACC_0097704,compromised,1
ACC_0097717,recruited,1
ACC_0097738,compromised,1
ACC_0097782,recruited,1
ACC_0097824,recruited,1
ACC_0097832,compromised,1
ACC_0097860,layering_hub,1
ACC_0097903,layering_hub,1
ACC_0097914,layering_hub,1
ACC_0097960,cashout_agent,1
ACC_0097970,layering_hub,1
ACC_0098003,recruited,1
ACC_0098011,layering_hub,1
ACC_0098024,cashout_agent,1
ACC_0098043,compromised,1
ACC_0098075,cashout_agent,1
ACC_0098083,compromised,1
ACC_0098095,recruited,1
ACC_0098148,layering_hub,1
ACC_0098151,layering_hub,1
ACC_0098158,recruited,1
ACC_0098238,compromised,1
ACC_0098276,cashout_agent,1
ACC_0098282,recruited,1
ACC_0098300,compromised,1
ACC_0098322,cashout_agent,1
ACC_0098376,recruited,1
ACC_0098380,layering_hub,1
ACC_0098387,recruited,1
ACC_0098388,compromised,1
ACC_0098416,cashout_agent,1
ACC_0098465,recruited,1
ACC_0098490,recruited,1
ACC_0098603,recruited,1
ACC_0098626,cashout_agent,1
ACC_0098652,layering_hub,1
ACC_0098665,layering_hub,1
ACC_0098670,layering_hub,1
ACC_0098700,cashout_agent,1
ACC_0098760,cashout_agent,1
ACC_0098779,cashout_agent,1
ACC_0098785,compromised,1
ACC_0098787,cashout_agent,1
ACC_0098801,recruited,1
ACC_0098826,recruited,1
ACC_0098879,cashout_agent,1
ACC_0098884,recruited,1
ACC_0098914,compromised,1
ACC_0098931,layering_hub,1
ACC_0098945,compromised,1
ACC_0098948,recruited,1
ACC_0098958,cashout_agent,1
ACC_0098971,recruited,1
ACC_0098983,recruited,1
ACC_0098988,layering_hub,1
ACC_0099006,layering_hub,1
ACC_0099034,compromised,1
ACC_0099086,layering_hub,1
ACC_0099094,compromised,1
ACC_0099176,recruited,1
ACC_0099193,compromised,1
ACC_0099244,layering_hub,1
ACC_0099267,layering_hub,1
ACC_0099314,layering_hub,1
ACC_0099321,cashout_agent,1
ACC_0099410,compromised,1
ACC_0099449,recruited,1
ACC_0099456,cashout_agent,1
ACC_0099494,layering_hub,1
ACC_0099510,layering_hub,1
ACC_0099557,layering_hub,1
ACC_0099572,recruited,1
ACC_0099579,layering_hub,1
ACC_0099593,cashout_agent,1
ACC_0099617,layering_hub,1
ACC_0099659,layering_hub,1
ACC_0099670,cashout_agent,1
ACC_0099672,recruited,1
ACC_0099674,cashout_agent,1
ACC_0099712,compromised,1
ACC_0099717,layering_hub,1
ACC_0099736,cashout_agent,1
ACC_0099738,layering_hub,1
ACC_0099787,compromised,1
ACC_0099870,layering_hub,1
ACC_0099883,recruited,1
ACC_0099910,recruited,1
ACC_0099911,compromised,1
ACC_0099943,layering_hub,1
ACC_0099944,cashout_agent,1
ACC_0099966,recruited,1
ACC_0099983,layering_hub,1
